Year,Quarter,Month,DayofMonth,DayOfWeek,FlightDate,UniqueCarrier,AirlineID,Carrier,TailNum,FlightNum,OriginAirportID,OriginAirportSeqID,OriginCityMarketID,Origin,OriginCityName,OriginState,OriginStateFips,OriginStateName,OriginWac
2012,4,12,29,6,2012/12/29,AA,19805,AA,N325AA,1,12478,1247802,31703,JFK,"New York, NY",NY,36,New York,22
2012,4,12,26,3,2012/12/26,VX,21171,VX,N855VA,2,11278,1127802,30852,DCA,"Washington, DC",VA,51,Virginia,38
2012,4,12,19,3,2012/12/19,US,20355,US,N510UW,3,14771,1477101,32457,SFO,"San Francisco, CA",CA,6,California,91
2012,4,12,19,3,2012/12/19,US,20355,US,N544UW,4,13930,1393002,30977,ORD,"Chicago, IL",IL,17,Illinois,41
2012,4,12,12,3,2012/12/12,HA,19690,HA,N590HA,5,12889,1288903,32211,LAS,"Las Vegas, NV",NV,32,Nevada,85
2012,4,12,4,2,2012/12/4,DL,19790,DL,N712TW,6,12478,1247802,31703,JFK,"New York, NY",NY,36,New York,22
2012,4,12,16,7,2012/12/16,WN,19393,WN,N488WN,7,11259,1125903,30194,DAL,"Dallas, TX",TX,48,Texas,74
2012,4,12,29,6,2012/12/29,AS,19930,AS,N552AS,8,14747,1474703,30559,SEA,"Seattle, WA",WA,53,Washington,93
2012,4,12,5,3,2012/12/5,WN,19393,WN,N389SW,9,14683,1468303,33214,SAT,"San Antonio, TX",TX,48,Texas,74
2012,4,12,13,4,2012/12/13,WN,19393,WN,N732SW,10,11292,1129202,30325,DEN,"Denver, CO",CO,8,Colorado,82
2012,4,12,12,3,2012/12/12,WN,19393,WN,N347SW,12,11259,1125903,30194,DAL,"Dallas, TX",TX,48,Texas,74
2012,4,12,24,1,2012/12/24,FL,20437,FL,N290AT,14,10397,1039705,30397,ATL,"Atlanta, GA",GA,13,Georgia,34
2012,4,12,4,2,2012/12/4,UA,19977,UA,N66056,15,11618,1161802,31703,EWR,"Newark, NJ",NJ,34,New Jersey,21
2012,4,12,21,5,2012/12/21,DL,19790,DL,N702DN,16,12892,1289203,32575,LAX,"Los Angeles, CA",CA,6,California,91
2012,4,12,6,4,2012/12/6,FL,20437,FL,N943AT,18,10397,1039705,30397,ATL,"Atlanta, GA",GA,13,Georgia,34
2012,4,12,4,2,2012/12/4,B6,20409,B6,N593JB,19,10785,1078502,30785,BTV,"Burlington, VT",VT,50,Vermont,16
2012,4,12,11,2,2012/12/11,FL,20437,FL,N285AT,20,10397,1039705,30397,ATL,"Atlanta, GA",GA,13,Georgia,34
2012,4,12,18,2,2012/12/18,HA,19690,HA,N585HA,21,14747,1474703,30559,SEA,"Seattle, WA",WA,53,Washington,93
2012,4,12,6,4,2012/12/6,VX,21171,VX,N639VA,22,14771,1477101,32457,SFO,"San Francisco, CA",CA,6,California,91
2012,4,12,31,1,2012/12/31,AS,19930,AS,N315AS,23,13930,1393002,30977,ORD,"Chicago, IL",IL,17,Illinois,41
2012,4,12,18,2,2012/12/18,US,20355,US,N673AW,24,14107,1410702,30466,PHX,"Phoenix, AZ",AZ,4,Arizona,81
2012,4,12,8,6,2012/12/8,VX,21171,VX,N835VA,25,14771,1477101,32457,SFO,"San Francisco, CA",CA,6,California,91
2012,4,12,28,5,2012/12/28,VX,21171,VX,N853VA,26,14771,1477101,32457,SFO,"San Francisco, CA",CA,6,California,91
2012,4,12,6,4,2012/12/6,AS,19930,AS,N548AS,27,11697,1169703,32467,FLL,"Fort Lauderdale, FL",FL,12,Florida,33
2012,4,12,16,7,2012/12/16,HA,19690,HA,N582HA,29,14747,1474703,30559,SEA,"Seattle, WA",WA,53,Washington,93
2012,4,12,3,1,2012/12/3,AA,19805,AA,N324AA,30,12892,1289203,32575,LAX,"Los Angeles, CA",CA,6,California,91
2012,4,12,15,6,2012/12/15,B6,20409,B6,N594JB,31,12478,1247802,31703,JFK,"New York, NY",NY,36,New York,22
2012,4,11,24,6,2012/11/24,AA,19805,AA,N329AA,32,12892,1289203,32575,LAX,"Los Angeles, CA",CA,6,California,91
2012,4,12,13,4,2012/12/13,WN,19393,WN,N514SW,33,11259,1125903,30194,DAL,"Dallas, TX",TX,48,Texas,74
2012,4,12,21,5,2012/12/21,HA,19690,HA,N584HA,35,14107,1410702,30466,PHX,"Phoenix, AZ",AZ,4,Arizona,81
2012,4,12,30,7,2012/12/30,AS,19930,AS,N563AS,36,14747,1474703,30559,SEA,"Seattle, WA",WA,53,Washington,93
2012,4,12,27,4,2012/12/27,UA,19977,UA,N75429,38,13930,1393002,30977,ORD,"Chicago, IL",IL,17,Illinois,41
2012,4,11,8,4,2012/11/8,AA,19805,AA,N323AA,40,12892,1289203,32575,LAX,"Los Angeles, CA",CA,6,California,91
2012,4,12,12,3,2012/12/12,WN,19393,WN,N358SW,41,13891,1389101,32575,ONT,"Ontario, CA",CA,6,California,91
2012,4,12,14,5,2012/12/14,WN,19393,WN,N647SW,44,11259,1125903,30194,DAL,"Dallas, TX",TX,48,Texas,74
2012,4,12,5,3,2012/12/5,US,20355,US,N829AW,48,12889,1288903,32211,LAS,"Las Vegas, NV",NV,32,Nevada,85
2012,4,12,10,1,2012/12/10,HA,19690,HA,N381HA,51,12478,1247802,31703,JFK,"New York, NY",NY,36,New York,22
2012,4,12,25,2,2012/12/25,UA,19977,UA,N57862,52,12173,1217301,32134,HNL,"Honolulu, HI",HI,15,Hawaii,2
2012,4,12,29,6,2012/12/29,US,20355,US,N660AW,53,14869,1486903,34614,SLC,"Salt Lake City, UT",UT,49,Utah,87
2012,4,12,10,1,2012/12/10,DL,19790,DL,N944DL,55,10397,1039705,30397,ATL,"Atlanta, GA",GA,13,Georgia,34
2012,4,11,15,4,2012/11/15,AA,19805,AA,N324AA,59,12478,1247802,31703,JFK,"New York, NY",NY,36,New York,22
2012,4,12,5,3,2012/12/5,WN,19393,WN,N366SW,60,12191,1219102,31453,HOU,"Houston, TX",TX,48,Texas,74
2012,4,12,22,6,2012/12/22,FL,20437,FL,N934AT,61,10397,1039705,30397,ATL,"Atlanta, GA",GA,13,Georgia,34
2012,4,12,1,6,2012/12/1,AS,19930,AS,N771AS,62,11630,1163002,31517,FAI,"Fairbanks, AK",AK,2,Alaska,1
2012,4,12,1,6,2012/12/1,AS,19930,AS,N768AS,64,10299,1029904,30299,ANC,"Anchorage, AK",AK,2,Alaska,1
2012,4,12,10,1,2012/12/10,AS,19930,AS,N767AS,65,12523,1252302,32523,JNU,"Juneau, AK",AK,2,Alaska,1
2012,4,12,3,1,2012/12/3,FL,20437,FL,N168AT,66,10397,1039705,30397,ATL,"Atlanta, GA",GA,13,Georgia,34
2012,4,12,9,7,2012/12/9,DL,19790,DL,N925DN,67,10397,1039705,30397,ATL,"Atlanta, GA",GA,13,Georgia,34
2012,4,12,18,2,2012/12/18,UA,19977,UA,N75435,73,10529,1052904,30529,BDL,"Hartford, CT",CT,9,Connecticut,11
2012,4,12,2,7,2012/12/2,US,20355,US,N672AW,75,14107,1410702,30466,PHX,"Phoenix, AZ",AZ,4,Arizona,81
2012,4,12,11,2,2012/12/11,UA,19977,UA,N14237,81,11618,1161802,31703,EWR,"Newark, NJ",NJ,34,New Jersey,21
2012,4,12,12,3,2012/12/12,VX,21171,VX,N625VA,90,14771,1477101,32457,SFO,"San Francisco, CA",CA,6,California,91
2012,4,12,20,4,2012/12/20,DL,19790,DL,N388DA,92,12889,1288903,32211,LAS,"Las Vegas, NV",NV,32,Nevada,85
2012,4,12,5,3,2012/12/5,WN,19393,WN,N723SW,101,10821,1082103,30852,BWI,"Baltimore, MD",MD,24,Maryland,35
2012,4,12,17,1,2012/12/17,HA,19690,HA,N475HA,102,12173,1217301,32134,HNL,"Honolulu, HI",HI,15,Hawaii,2
2012,4,12,15,6,2012/12/15,B6,20409,B6,N309JB,104,12478,1247802,31703,JFK,"New York, NY",NY,36,New York,22
2012,4,12,3,1,2012/12/3,WN,19393,WN,N8602F,106,13232,1323202,30977,MDW,"Chicago, IL",IL,17,Illinois,41
2012,4,12,19,3,2012/12/19,WN,19393,WN,N291WN,107,14908,1490803,32575,SNA,"Santa Ana, CA",CA,6,California,91
2012,4,12,31,1,2012/12/31,UA,19977,UA,N19130,108,13930,1393002,30977,ORD,"Chicago, IL",IL,17,Illinois,41
2012,4,12,15,6,2012/12/15,UA,19977,UA,N77867,109,12892,1289203,32575,LAX,"Los Angeles, CA",CA,6,California,91
2012,4,12,22,6,2012/12/22,DL,19790,DL,N709DN,110,10397,1039705,30397,ATL,"Atlanta, GA",GA,13,Georgia,34
2012,4,12,23,7,2012/12/23,DL,19790,DL,N932DN,116,11433,1143302,31295,DTW,"Detroit, MI",MI,26,Michigan,43
2012,4,11,14,3,2012/11/14,AA,19805,AA,N332AA,117,12478,1247802,31703,JFK,"New York, NY",NY,36,New York,22
2012,4,12,19,3,2012/12/19,FL,20437,FL,N921AT,118,10397,1039705,30397,ATL,"Atlanta, GA",GA,13,Georgia,34
2012,4,12,9,7,2012/12/9,HA,19690,HA,N478HA,119,12758,1275803,32758,KOA,"Kona, HI",HI,15,Hawaii,2
2012,4,12,21,5,2012/12/21,AS,19930,AS,N764AS,121,14747,1474703,30559,SEA,"Seattle, WA",WA,53,Washington,93
2012,4,12,4,2,2012/12/4,HA,19690,HA,N475HA,122,12173,1217301,32134,HNL,"Honolulu, HI",HI,15,Hawaii,2
2012,4,12,25,2,2012/12/25,F9,20436,F9,N914FR,124,11292,1129202,30325,DEN,"Denver, CO",CO,8,Colorado,82
2012,4,12,5,3,2012/12/5,B6,20409,B6,N603JB,125,12478,1247802,31703,JFK,"New York, NY",NY,36,New York,22
2012,4,12,20,4,2012/12/20,AS,19930,AS,N303AS,128,11630,1163002,31517,FAI,"Fairbanks, AK",AK,2,Alaska,1
2012,4,12,6,4,2012/12/6,AA,19805,AA,N398AA,129,13303,1330303,32467,MIA,"Miami, FL",FL,12,Florida,33
2012,4,12,22,6,2012/12/22,UA,19977,UA,N33209,130,14908,1490803,32575,SNA,"Santa Ana, CA",CA,6,California,91
2012,4,12,22,6,2012/12/22,B6,20409,B6,N506JB,132,14635,1463502,31714,RSW,"Fort Myers, FL",FL,12,Florida,33
2012,4,12,7,5,2012/12/7,AS,19930,AS,N514AS,137,14057,1405702,34057,PDX,"Portland, OR",OR,41,Oregon,92
2012,4,12,24,1,2012/12/24,AS,19930,AS,N318AS,143,14057,1405702,34057,PDX,"Portland, OR",OR,41,Oregon,92
2012,4,12,1,6,2012/12/1,UA,19977,UA,N77066,144,12173,1217301,32134,HNL,"Honolulu, HI",HI,15,Hawaii,2
2012,4,12,7,5,2012/12/7,UA,19977,UA,N77066,145,12264,1226402,30852,IAD,"Washington, DC",VA,51,Virginia,38
2012,4,12,29,6,2012/12/29,DL,19790,DL,N974DL,151,11278,1127802,30852,DCA,"Washington, DC",VA,51,Virginia,38
2012,4,12,17,1,2012/12/17,AS,19930,AS,N765AS,152,13970,1397002,33970,OTZ,"Kotzebue, AK",AK,2,Alaska,1
2012,4,12,21,5,2012/12/21,FL,20437,FL,N940AT,153,10397,1039705,30397,ATL,"Atlanta, GA",GA,13,Georgia,34
2012,4,12,22,6,2012/12/22,FL,20437,FL,N987AT,160,10397,1039705,30397,ATL,"Atlanta, GA",GA,13,Georgia,34
2012,4,12,29,6,2012/12/29,AA,19805,AA,N5DHAA,161,12892,1289203,32575,LAX,"Los Angeles, CA",CA,6,California,91
2012,4,12,5,3,2012/12/5,FL,20437,FL,N946AT,162,10397,1039705,30397,ATL,"Atlanta, GA",GA,13,Georgia,34
2012,4,12,30,7,2012/12/30,HA,19690,HA,N475HA,163,13830,1383002,33830,OGG,"Kahului, HI",HI,15,Hawaii,2
2012,4,12,7,5,2012/12/7,WN,19393,WN,N528SW,176,13495,1349502,33495,MSY,"New Orleans, LA",LA,22,Louisiana,72
2012,4,12,4,2,2012/12/4,WN,19393,WN,N786SW,179,15304,1530402,33195,TPA,"Tampa, FL",FL,12,Florida,33
2012,4,12,24,1,2012/12/24,WN,19393,WN,N784SW,180,12889,1288903,32211,LAS,"Las Vegas, NV",NV,32,Nevada,85
2012,4,12,20,4,2012/12/20,DL,19790,DL,N961DL,181,12953,1295302,31703,LGA,"New York, NY",NY,36,New York,22
2012,4,12,22,6,2012/12/22,FL,20437,FL,N924AT,183,10821,1082103,30852,BWI,"Baltimore, MD",MD,24,Maryland,35
2012,4,12,19,3,2012/12/19,WN,19393,WN,N349SW,184,12191,1219102,31453,HOU,"Houston, TX",TX,48,Texas,74
2012,4,12,31,1,2012/12/31,F9,20436,F9,N213FR,192,11267,1126702,31267,DAY,"Dayton, OH",OH,39,Ohio,44
2012,4,12,17,1,2012/12/17,F9,20436,F9,N213FR,195,12892,1289203,32575,LAX,"Los Angeles, CA",CA,6,California,91
2012,4,12,14,5,2012/12/14,WN,19393,WN,N910WN,200,14908,1490803,32575,SNA,"Santa Ana, CA",CA,6,California,91
2012,4,12,11,2,2012/12/11,HA,19690,HA,N487HA,201,12402,1240203,32402,ITO,"Hilo, HI",HI,15,Hawaii,2
2012,4,12,12,3,2012/12/12,HA,19690,HA,N479HA,202,12173,1217301,32134,HNL,"Honolulu, HI",HI,15,Hawaii,2
2012,4,12,14,5,2012/12/14,B6,20409,B6,N643JB,204,12954,1295402,32575,LGB,"Long Beach, CA",CA,6,California,91
2012,4,12,17,1,2012/12/17,HA,19690,HA,N487HA,205,13830,1383002,33830,OGG,"Kahului, HI",HI,15,Hawaii,2
2012,4,12,13,4,2012/12/13,WN,19393,WN,N624SW,208,14122,1412202,30198,PIT,"Pittsburgh, PA",PA,42,Pennsylvania,23
2012,4,12,2,7,2012/12/2,HA,19690,HA,N493HA,209,12758,1275803,32758,KOA,"Kona, HI",HI,15,Hawaii,2
2012,4,12,30,7,2012/12/30,VX,21171,VX,N522VA,211,13930,1393002,30977,ORD,"Chicago, IL",IL,17,Illinois,41
2012,4,12,25,2,2012/12/25,F9,20436,F9,N933FR,219,10423,1042302,30423,AUS,"Austin, TX",TX,48,Texas,74
2012,4,12,28,5,2012/12/28,DL,19790,DL,N924DN,220,11292,1129202,30325,DEN,"Denver, CO",CO,8,Colorado,82
2012,4,12,12,3,2012/12/12,UA,19977,UA,N413UA,221,13204,1320402,31454,MCO,"Orlando, FL",FL,12,Florida,33
2012,4,12,17,1,2012/12/17,B6,20409,B6,N183JB,222,13204,1320402,31454,MCO,"Orlando, FL",FL,12,Florida,33
2012,4,12,12,3,2012/12/12,B6,20409,B6,N206JB,223,11278,1127802,30852,DCA,"Washington, DC",VA,51,Virginia,38
2012,4,12,16,7,2012/12/16,UA,19977,UA,N540UA,224,12892,1289203,32575,LAX,"Los Angeles, CA",CA,6,California,91
2012,4,12,30,7,2012/12/30,US,20355,US,N647AW,225,10721,1072102,30721,BOS,"Boston, MA",MA,25,Massachusetts,13
2012,4,12,1,6,2012/12/1,UA,19977,UA,N519UA,230,14771,1477101,32457,SFO,"San Francisco, CA",CA,6,California,91
2012,4,12,2,7,2012/12/2,AA,19805,AA,N5FCAA,231,13303,1330303,32467,MIA,"Miami, FL",FL,12,Florida,33
2012,4,12,29,6,2012/12/29,UA,19977,UA,N401UA,235,11292,1129202,30325,DEN,"Denver, CO",CO,8,Colorado,82
2012,4,11,17,6,2012/11/17,AA,19805,AA,N5EDAA,240,12892,1289203,32575,LAX,"Los Angeles, CA",CA,6,California,91
2012,4,12,3,1,2012/12/3,WN,19393,WN,N8325D,244,14893,1489302,33192,SMF,"Sacramento, CA",CA,6,California,91
2012,4,12,27,4,2012/12/27,UA,19977,UA,N526UA,245,10821,1082103,30852,BWI,"Baltimore, MD",MD,24,Maryland,35
2012,4,12,7,5,2012/12/7,AS,19930,AS,N760AS,246,14057,1405702,34057,PDX,"Portland, OR",OR,41,Oregon,92
2012,4,12,27,4,2012/12/27,WN,19393,WN,N901WN,247,13232,1323202,30977,MDW,"Chicago, IL",IL,17,Illinois,41
2012,4,12,9,7,2012/12/9,FL,20437,FL,N928AT,251,11066,1106602,31066,CMH,"Columbus, OH",OH,39,Ohio,44
2012,4,12,29,6,2012/12/29,B6,20409,B6,N527JB,252,11298,1129803,30194,DFW,"Dallas/Fort Worth, TX",TX,48,Texas,74
2012,4,12,31,1,2012/12/31,WN,19393,WN,N397SW,253,10821,1082103,30852,BWI,"Baltimore, MD",MD,24,Maryland,35
2012,4,12,6,4,2012/12/6,US,20355,US,N660AW,254,14107,1410702,30466,PHX,"Phoenix, AZ",AZ,4,Arizona,81
2012,4,12,2,7,2012/12/2,WN,19393,WN,N713SW,256,15016,1501603,31123,STL,"St. Louis, MO",MO,29,Missouri,64
2012,4,12,31,1,2012/12/31,DL,19790,DL,N534US,257,13487,1348702,31650,MSP,"Minneapolis, MN",MN,27,Minnesota,63
2012,4,12,3,1,2012/12/3,WN,19393,WN,N466WN,258,14771,1477101,32457,SFO,"San Francisco, CA",CA,6,California,91
2012,4,12,11,2,2012/12/11,F9,20436,F9,N953FR,260,11292,1129202,30325,DEN,"Denver, CO",CO,8,Colorado,82
2012,4,12,16,7,2012/12/16,B6,20409,B6,N636JB,263,14893,1489302,33192,SMF,"Sacramento, CA",CA,6,California,91
2012,4,12,19,3,2012/12/19,WN,19393,WN,N624SW,264,13891,1389101,32575,ONT,"Ontario, CA",CA,6,California,91
2012,4,12,11,2,2012/12/11,WN,19393,WN,N958WN,265,14679,1467903,33570,SAN,"San Diego, CA",CA,6,California,91
2012,4,12,14,5,2012/12/14,WN,19393,WN,N354SW,266,11259,1125903,30194,DAL,"Dallas, TX",TX,48,Texas,74
2012,4,12,11,2,2012/12/11,HA,19690,HA,N492HA,267,12758,1275803,32758,KOA,"Kona, HI",HI,15,Hawaii,2
2012,4,12,5,3,2012/12/5,DL,19790,DL,N392DA,268,10397,1039705,30397,ATL,"Atlanta, GA",GA,13,Georgia,34
2012,4,12,5,3,2012/12/5,UA,19977,UA,N781UA,269,13930,1393002,30977,ORD,"Chicago, IL",IL,17,Illinois,41
2012,4,12,10,1,2012/12/10,UA,19977,UA,N821UA,270,13930,1393002,30977,ORD,"Chicago, IL",IL,17,Illinois,41
2012,4,12,29,6,2012/12/29,UA,19977,UA,N426UA,277,11042,1104202,30647,CLE,"Cleveland, OH",OH,39,Ohio,44
2012,4,12,13,4,2012/12/13,B6,20409,B6,N603JB,278,14771,1477101,32457,SFO,"San Francisco, CA",CA,6,California,91
2012,4,12,1,6,2012/12/1,F9,20436,F9,N914FR,282,12889,1288903,32211,LAS,"Las Vegas, NV",NV,32,Nevada,85
2012,4,12,22,6,2012/12/22,F9,20436,F9,N943FR,283,15016,1501603,31123,STL,"St. Louis, MO",MO,29,Missouri,64
2012,4,12,16,7,2012/12/16,US,20355,US,N626AW,285,12266,1226603,31453,IAH,"Houston, TX",TX,48,Texas,74
2012,4,11,23,5,2012/11/23,AA,19805,AA,N5ESAA,286,12982,1298202,32982,LIH,"Lihue, HI",HI,15,Hawaii,2
2012,4,12,27,4,2012/12/27,US,20355,US,N822AW,287,14107,1410702,30466,PHX,"Phoenix, AZ",AZ,4,Arizona,81
2012,4,11,30,5,2012/11/30,AA,19805,AA,N3DDAA,288,13930,1393002,30977,ORD,"Chicago, IL",IL,17,Illinois,41
2012,4,12,18,2,2012/12/18,B6,20409,B6,N768JB,296,12954,1295402,32575,LGB,"Long Beach, CA",CA,6,California,91
2012,4,12,28,5,2012/12/28,WN,19393,WN,N526SW,297,11259,1125903,30194,DAL,"Dallas, TX",TX,48,Texas,74
2012,4,12,12,3,2012/12/12,DL,19790,DL,N943DL,300,10397,1039705,30397,ATL,"Atlanta, GA",GA,13,Georgia,34
2012,4,12,7,5,2012/12/7,HA,19690,HA,N484HA,301,12402,1240203,32402,ITO,"Hilo, HI",HI,15,Hawaii,2
2012,4,12,14,5,2012/12/14,HA,19690,HA,N478HA,302,12173,1217301,32134,HNL,"Honolulu, HI",HI,15,Hawaii,2
2012,4,12,23,7,2012/12/23,WN,19393,WN,N468WN,303,11259,1125903,30194,DAL,"Dallas, TX",TX,48,Texas,74
2012,4,12,16,7,2012/12/16,DL,19790,DL,N687DL,304,14843,1484303,34819,SJU,"San Juan, PR",PR,72,Puerto Rico,3
2012,4,12,15,6,2012/12/15,FL,20437,FL,N608AT,305,11721,1172102,31721,FNT,"Flint, MI",MI,26,Michigan,43
2012,4,12,31,1,2012/12/31,DL,19790,DL,N770NC,307,10397,1039705,30397,ATL,"Atlanta, GA",GA,13,Georgia,34
2012,4,12,11,2,2012/12/11,WN,19393,WN,N288WN,308,14869,1486903,34614,SLC,"Salt Lake City, UT",UT,49,Utah,87
2012,4,12,2,7,2012/12/2,F9,20436,F9,N902FR,309,11292,1129202,30325,DEN,"Denver, CO",CO,8,Colorado,82
2012,4,12,5,3,2012/12/5,FL,20437,FL,N974AT,310,11986,1198603,31986,GRR,"Grand Rapids, MI",MI,26,Michigan,43
2012,4,12,28,5,2012/12/28,HA,19690,HA,N484HA,311,12402,1240203,32402,ITO,"Hilo, HI",HI,15,Hawaii,2
2012,4,12,15,6,2012/12/15,HA,19690,HA,N475HA,312,12173,1217301,32134,HNL,"Honolulu, HI",HI,15,Hawaii,2
2012,4,11,3,6,2012/11/3,AA,19805,AA,N4WRAA,313,12953,1295302,31703,LGA,"New York, NY",NY,36,New York,22
2012,4,12,21,5,2012/12/21,UA,19977,UA,N848UA,317,12892,1289203,32575,LAX,"Los Angeles, CA",CA,6,California,91
2012,4,12,26,3,2012/12/26,HA,19690,HA,N491HA,319,13830,1383002,33830,OGG,"Kahului, HI",HI,15,Hawaii,2
2012,4,12,15,6,2012/12/15,DL,19790,DL,N385DN,320,14893,1489302,33192,SMF,"Sacramento, CA",CA,6,California,91
2012,4,12,30,7,2012/12/30,VX,21171,VX,N853VA,321,11697,1169703,32467,FLL,"Fort Lauderdale, FL",FL,12,Florida,33
2012,4,12,12,3,2012/12/12,HA,19690,HA,N481HA,324,12982,1298202,32982,LIH,"Lihue, HI",HI,15,Hawaii,2
2012,4,12,12,3,2012/12/12,WN,19393,WN,N601WN,327,10821,1082103,30852,BWI,"Baltimore, MD",MD,24,Maryland,35
2012,4,12,25,2,2012/12/25,WN,19393,WN,N789SW,328,10821,1082103,30852,BWI,"Baltimore, MD",MD,24,Maryland,35
2012,4,12,27,4,2012/12/27,UA,19977,UA,N846UA,329,11618,1161802,31703,EWR,"Newark, NJ",NJ,34,New Jersey,21
2012,4,12,21,5,2012/12/21,B6,20409,B6,N645JB,330,13204,1320402,31454,MCO,"Orlando, FL",FL,12,Florida,33
2012,4,12,12,3,2012/12/12,FL,20437,FL,N938AT,332,12339,1233904,32337,IND,"Indianapolis, IN",IN,18,Indiana,42
2012,4,12,16,7,2012/12/16,UA,19977,UA,N831UA,334,12278,1227802,30928,ICT,"Wichita, KS",KS,20,Kansas,62
2012,4,12,20,4,2012/12/20,HA,19690,HA,N485HA,335,13830,1383002,33830,OGG,"Kahului, HI",HI,15,Hawaii,2
2012,4,12,19,3,2012/12/19,HA,19690,HA,N486HA,336,12173,1217301,32134,HNL,"Honolulu, HI",HI,15,Hawaii,2
2012,4,12,22,6,2012/12/22,VX,21171,VX,N854VA,337,11697,1169703,32467,FLL,"Fort Lauderdale, FL",FL,12,Florida,33
2012,4,12,12,3,2012/12/12,HA,19690,HA,N476HA,341,12402,1240203,32402,ITO,"Hilo, HI",HI,15,Hawaii,2
2012,4,12,21,5,2012/12/21,FL,20437,FL,N149AT,343,12892,1289203,32575,LAX,"Los Angeles, CA",CA,6,California,91
2012,4,11,28,3,2012/11/28,AA,19805,AA,N479AA,344,13930,1393002,30977,ORD,"Chicago, IL",IL,17,Illinois,41
2012,4,12,2,7,2012/12/2,VX,21171,VX,N528VA,345,11697,1169703,32467,FLL,"Fort Lauderdale, FL",FL,12,Florida,33
2012,4,12,3,1,2012/12/3,FL,20437,FL,N955AT,346,12953,1295302,31703,LGA,"New York, NY",NY,36,New York,22
2012,4,12,2,7,2012/12/2,WN,19393,WN,N916WN,347,14635,1463502,31714,RSW,"Fort Myers, FL",FL,12,Florida,33
2012,4,12,28,5,2012/12/28,UA,19977,UA,N471UA,352,11697,1169703,32467,FLL,"Fort Lauderdale, FL",FL,12,Florida,33
2012,4,12,12,3,2012/12/12,HA,19690,HA,N490HA,356,12173,1217301,32134,HNL,"Honolulu, HI",HI,15,Hawaii,2
2012,4,12,26,3,2012/12/26,VX,21171,VX,N838VA,360,12892,1289203,32575,LAX,"Los Angeles, CA",CA,6,California,91
2012,4,12,17,1,2012/12/17,B6,20409,B6,N589JB,361,12953,1295302,31703,LGA,"New York, NY",NY,36,New York,22
2012,4,12,14,5,2012/12/14,WN,19393,WN,N749SW,362,11884,1188402,31884,GEG,"Spokane, WA",WA,53,Washington,93
2012,4,12,5,3,2012/12/5,WN,19393,WN,N426WN,370,13796,1379601,32457,OAK,"Oakland, CA",CA,6,California,91
2012,4,12,25,2,2012/12/25,B6,20409,B6,N639JB,371,12953,1295302,31703,LGA,"New York, NY",NY,36,New York,22
2012,4,12,4,2,2012/12/4,WN,19393,WN,N951WN,372,11292,1129202,30325,DEN,"Denver, CO",CO,8,Colorado,82
2012,4,12,29,6,2012/12/29,AA,19805,AA,N3DUAA,373,11298,1129803,30194,DFW,"Dallas/Fort Worth, TX",TX,48,Texas,74
2012,4,11,12,1,2012/11/12,AA,19805,AA,N437AA,374,10423,1042302,30423,AUS,"Austin, TX",TX,48,Texas,74
2012,4,12,14,5,2012/12/14,B6,20409,B6,N520JB,378,11697,1169703,32467,FLL,"Fort Lauderdale, FL",FL,12,Florida,33
2012,4,12,1,6,2012/12/1,FL,20437,FL,N896AT,381,13204,1320402,31454,MCO,"Orlando, FL",FL,12,Florida,33
2012,4,12,21,5,2012/12/21,UA,19977,UA,N471UA,385,12266,1226603,31453,IAH,"Houston, TX",TX,48,Texas,74
2012,4,12,31,1,2012/12/31,AS,19930,AS,N613AS,387,14771,1477101,32457,SFO,"San Francisco, CA",CA,6,California,91
2012,4,12,16,7,2012/12/16,AS,19930,AS,N619AS,388,14057,1405702,34057,PDX,"Portland, OR",OR,41,Oregon,92
2012,4,12,12,3,2012/12/12,B6,20409,B6,N504JB,391,12953,1295302,31703,LGA,"New York, NY",NY,36,New York,22
2012,4,12,19,3,2012/12/19,FL,20437,FL,N309AT,392,10397,1039705,30397,ATL,"Atlanta, GA",GA,13,Georgia,34
2012,4,12,16,7,2012/12/16,WN,19393,WN,N733SA,398,14107,1410702,30466,PHX,"Phoenix, AZ",AZ,4,Arizona,81
2012,4,12,11,2,2012/12/11,WN,19393,WN,N766SW,399,11292,1129202,30325,DEN,"Denver, CO",CO,8,Colorado,82
2012,4,12,6,4,2012/12/6,WN,19393,WN,N526SW,400,15016,1501603,31123,STL,"St. Louis, MO",MO,29,Missouri,64
2012,4,12,30,7,2012/12/30,FL,20437,FL,N933AT,401,13204,1320402,31454,MCO,"Orlando, FL",FL,12,Florida,33
2012,4,12,12,3,2012/12/12,UA,19977,UA,N562UA,402,14747,1474703,30559,SEA,"Seattle, WA",WA,53,Washington,93
2012,4,12,1,6,2012/12/1,FL,20437,FL,N920AT,403,13204,1320402,31454,MCO,"Orlando, FL",FL,12,Florida,33
2012,4,12,17,1,2012/12/17,UA,19977,UA,N581UA,404,15304,1530402,33195,TPA,"Tampa, FL",FL,12,Florida,33
2012,4,12,19,3,2012/12/19,WN,19393,WN,N487WN,405,13232,1323202,30977,MDW,"Chicago, IL",IL,17,Illinois,41
2012,4,12,13,4,2012/12/13,WN,19393,WN,N767SW,406,11292,1129202,30325,DEN,"Denver, CO",CO,8,Colorado,82
2012,4,12,5,3,2012/12/5,WN,19393,WN,N250WN,407,10140,1014002,30140,ABQ,"Albuquerque, NM",NM,35,New Mexico,86
2012,4,12,25,2,2012/12/25,AA,19805,AA,N4YLAA,408,13930,1393002,30977,ORD,"Chicago, IL",IL,17,Illinois,41
2012,4,12,25,2,2012/12/25,WN,19393,WN,N376SW,410,13198,1319801,33198,MCI,"Kansas City, MO",MO,29,Missouri,64
2012,4,12,19,3,2012/12/19,AA,19805,AA,N5DAAA,411,13204,1320402,31454,MCO,"Orlando, FL",FL,12,Florida,33
2012,4,12,8,6,2012/12/8,VX,21171,VX,N638VA,413,12478,1247802,31703,JFK,"New York, NY",NY,36,New York,22
2012,4,12,16,7,2012/12/16,FL,20437,FL,N949AT,414,13232,1323202,30977,MDW,"Chicago, IL",IL,17,Illinois,41
2012,4,12,3,1,2012/12/3,FL,20437,FL,N318AT,415,13232,1323202,30977,MDW,"Chicago, IL",IL,17,Illinois,41
2012,4,12,14,5,2012/12/14,WN,19393,WN,N462WN,416,14107,1410702,30466,PHX,"Phoenix, AZ",AZ,4,Arizona,81
2012,4,12,18,2,2012/12/18,AA,19805,AA,N564AA,417,11298,1129803,30194,DFW,"Dallas/Fort Worth, TX",TX,48,Texas,74
2012,4,12,24,1,2012/12/24,AA,19805,AA,N470AA,419,11267,1126702,31267,DAY,"Dayton, OH",OH,39,Ohio,44
2012,4,12,5,3,2012/12/5,DL,19790,DL,N692DL,420,14843,1484303,34819,SJU,"San Juan, PR",PR,72,Puerto Rico,3
2012,4,12,13,4,2012/12/13,WN,19393,WN,N350SW,423,10693,1069302,30693,BNA,"Nashville, TN",TN,47,Tennessee,54
2012,4,12,28,5,2012/12/28,UA,19977,UA,N810UA,425,12264,1226402,30852,IAD,"Washington, DC",VA,51,Virginia,38
2012,4,11,15,4,2012/11/15,AA,19805,AA,N3GTAA,426,11298,1129803,30194,DFW,"Dallas/Fort Worth, TX",TX,48,Texas,74
2012,4,12,5,3,2012/12/5,AA,19805,AA,N520AA,428,11298,1129803,30194,DFW,"Dallas/Fort Worth, TX",TX,48,Texas,74
2012,4,12,24,1,2012/12/24,FL,20437,FL,N337AT,429,10397,1039705,30397,ATL,"Atlanta, GA",GA,13,Georgia,34
2012,4,11,1,4,2012/11/1,AA,19805,AA,N584AA,430,11298,1129803,30194,DFW,"Dallas/Fort Worth, TX",TX,48,Texas,74
2012,4,12,16,7,2012/12/16,UA,19977,UA,N465UA,431,12266,1226603,31453,IAH,"Houston, TX",TX,48,Texas,74
2012,4,12,11,2,2012/12/11,B6,20409,B6,N506JB,432,14986,1498603,34986,SRQ,"Sarasota/Bradenton, FL",FL,12,Florida,33
2012,4,12,18,2,2012/12/18,FL,20437,FL,N947AT,437,13342,1334205,33342,MKE,"Milwaukee, WI",WI,55,Wisconsin,45
2012,4,12,28,5,2012/12/28,WN,19393,WN,N254WN,439,12448,1244803,32448,JAN,"Jackson/Vicksburg, MS",MS,28,Mississippi,53
2012,4,12,1,6,2012/12/1,AA,19805,AA,N3FDAA,440,11298,1129803,30194,DFW,"Dallas/Fort Worth, TX",TX,48,Texas,74
2012,4,12,26,3,2012/12/26,AA,19805,AA,N555AA,446,10140,1014002,30140,ABQ,"Albuquerque, NM",NM,35,New Mexico,86
2012,4,12,19,3,2012/12/19,UA,19977,UA,N849UA,449,14524,1452401,34524,RIC,"Richmond, VA",VA,51,Virginia,38
2012,4,12,16,7,2012/12/16,WN,19393,WN,N948WN,450,14057,1405702,34057,PDX,"Portland, OR",OR,41,Oregon,92
2012,4,11,23,5,2012/11/23,AA,19805,AA,N5FLAA,452,13303,1330303,32467,MIA,"Miami, FL",FL,12,Florida,33
2012,4,12,13,4,2012/12/13,WN,19393,WN,N782SA,454,14107,1410702,30466,PHX,"Phoenix, AZ",AZ,4,Arizona,81
2012,4,12,1,6,2012/12/1,FL,20437,FL,N919AT,456,14027,1402702,34027,PBI,"West Palm Beach/Palm Beach, FL",FL,12,Florida,33
2012,4,12,2,7,2012/12/2,AA,19805,AA,N3FWAA,457,10423,1042302,30423,AUS,"Austin, TX",TX,48,Texas,74
2012,4,12,3,1,2012/12/3,WN,19393,WN,N716SW,458,14679,1467903,33570,SAN,"San Diego, CA",CA,6,California,91
2012,4,12,27,4,2012/12/27,B6,20409,B6,N503JB,460,14635,1463502,31714,RSW,"Fort Myers, FL",FL,12,Florida,33
2012,4,12,16,7,2012/12/16,AA,19805,AA,N3CAAA,461,13487,1348702,31650,MSP,"Minneapolis, MN",MN,27,Minnesota,63
2012,4,12,11,2,2012/12/11,B6,20409,B6,N566JB,463,10721,1072102,30721,BOS,"Boston, MA",MA,25,Massachusetts,13
2012,4,12,31,1,2012/12/31,WN,19393,WN,N242WN,464,12892,1289203,32575,LAX,"Los Angeles, CA",CA,6,California,91
2012,4,12,11,2,2012/12/11,UA,19977,UA,N459UA,465,14747,1474703,30559,SEA,"Seattle, WA",WA,53,Washington,93
2012,4,12,20,4,2012/12/20,WN,19393,WN,N201LV,466,12889,1288903,32211,LAS,"Las Vegas, NV",NV,32,Nevada,85
2012,4,12,6,4,2012/12/6,UA,19977,UA,N445UA,469,11618,1161802,31703,EWR,"Newark, NJ",NJ,34,New Jersey,21
2012,4,12,24,1,2012/12/24,UA,19977,UA,N442UA,477,13204,1320402,31454,MCO,"Orlando, FL",FL,12,Florida,33
2012,4,12,10,1,2012/12/10,FL,20437,FL,N994AT,478,14193,1419303,33728,PNS,"Pensacola, FL",FL,12,Florida,33
2012,4,12,27,4,2012/12/27,UA,19977,UA,N827UA,479,11292,1129202,30325,DEN,"Denver, CO",CO,8,Colorado,82
2012,4,12,14,5,2012/12/14,AA,19805,AA,N3BEAA,480,14679,1467903,33570,SAN,"San Diego, CA",CA,6,California,91
2012,4,12,22,6,2012/12/22,US,20355,US,N542UW,482,11292,1129202,30325,DEN,"Denver, CO",CO,8,Colorado,82
2012,4,12,20,4,2012/12/20,WN,19393,WN,N934WN,483,14635,1463502,31714,RSW,"Fort Myers, FL",FL,12,Florida,33
2012,4,12,19,3,2012/12/19,UA,19977,UA,N530UA,484,14771,1477101,32457,SFO,"San Francisco, CA",CA,6,California,91
2012,4,12,29,6,2012/12/29,US,20355,US,N625AW,486,14107,1410702,30466,PHX,"Phoenix, AZ",AZ,4,Arizona,81
2012,4,12,24,1,2012/12/24,AA,19805,AA,N591AA,487,13342,1334205,33342,MKE,"Milwaukee, WI",WI,55,Wisconsin,45
2012,4,12,18,2,2012/12/18,FL,20437,FL,N992AT,489,14524,1452401,34524,RIC,"Richmond, VA",VA,51,Virginia,38
2012,4,12,12,3,2012/12/12,FL,20437,FL,N939AT,491,14524,1452401,34524,RIC,"Richmond, VA",VA,51,Virginia,38
2012,4,12,30,7,2012/12/30,FL,20437,FL,N989AT,493,14576,1457604,34576,ROC,"Rochester, NY",NY,36,New York,22
2012,4,12,9,7,2012/12/9,FL,20437,FL,N943AT,494,14576,1457604,34576,ROC,"Rochester, NY",NY,36,New York,22
2012,4,12,6,4,2012/12/6,AA,19805,AA,N4WYAA,496,13930,1393002,30977,ORD,"Chicago, IL",IL,17,Illinois,41
2012,4,12,3,1,2012/12/3,WN,19393,WN,N510SW,497,11292,1129202,30325,DEN,"Denver, CO",CO,8,Colorado,82
2012,4,12,12,3,2012/12/12,DL,19790,DL,N321US,498,12889,1288903,32211,LAS,"Las Vegas, NV",NV,32,Nevada,85
2012,4,12,9,7,2012/12/9,US,20355,US,N621AW,500,14107,1410702,30466,PHX,"Phoenix, AZ",AZ,4,Arizona,81
2012,4,12,2,7,2012/12/2,AS,19930,AS,N516AS,502,14747,1474703,30559,SEA,"Seattle, WA",WA,53,Washington,93
2012,4,12,12,3,2012/12/12,AS,19930,AS,N624AS,503,14908,1490803,32575,SNA,"Santa Ana, CA",CA,6,California,91
2012,4,12,11,2,2012/12/11,DL,19790,DL,N350NA,505,13433,1343302,33304,MOT,"Minot, ND",ND,38,North Dakota,66
2012,4,12,10,1,2012/12/10,DL,19790,DL,N330NW,507,12953,1295302,31703,LGA,"New York, NY",NY,36,New York,22
2012,4,12,7,5,2012/12/7,UA,19977,UA,N504UA,508,13930,1393002,30977,ORD,"Chicago, IL",IL,17,Illinois,41
2012,4,12,20,4,2012/12/20,AS,19930,AS,N626AS,509,14908,1490803,32575,SNA,"Santa Ana, CA",CA,6,California,91
2012,4,12,26,3,2012/12/26,F9,20436,F9,N209FR,510,14747,1474703,30559,SEA,"Seattle, WA",WA,53,Washington,93
2012,4,12,14,5,2012/12/14,WN,19393,WN,N962WN,512,12889,1288903,32211,LAS,"Las Vegas, NV",NV,32,Nevada,85
2012,4,12,6,4,2012/12/6,FL,20437,FL,N928AT,516,14635,1463502,31714,RSW,"Fort Myers, FL",FL,12,Florida,33
2012,4,12,17,1,2012/12/17,DL,19790,DL,N360NW,521,11057,1105703,31057,CLT,"Charlotte, NC",NC,37,North Carolina,36
2012,4,11,1,4,2012/11/1,AA,19805,AA,N502AA,522,11298,1129803,30194,DFW,"Dallas/Fort Worth, TX",TX,48,Texas,74
2012,4,12,31,1,2012/12/31,B6,20409,B6,N615JB,523,11618,1161802,31703,EWR,"Newark, NJ",NJ,34,New Jersey,21
2012,4,12,3,1,2012/12/3,B6,20409,B6,N613JB,524,13204,1320402,31454,MCO,"Orlando, FL",FL,12,Florida,33
2012,4,12,5,3,2012/12/5,WN,19393,WN,N484WN,525,12191,1219102,31453,HOU,"Houston, TX",TX,48,Texas,74
2012,4,11,22,4,2012/11/22,AA,19805,AA,N3BJAA,526,13495,1349502,33495,MSY,"New Orleans, LA",LA,22,Louisiana,72
2012,4,12,31,1,2012/12/31,B6,20409,B6,N516JB,527,11618,1161802,31703,EWR,"Newark, NJ",NJ,34,New Jersey,21
2012,4,12,27,4,2012/12/27,AA,19805,AA,N3HDAA,528,14679,1467903,33570,SAN,"San Diego, CA",CA,6,California,91
2012,4,11,29,4,2012/11/29,AA,19805,AA,N625AA,530,13303,1330303,32467,MIA,"Miami, FL",FL,12,Florida,33
2012,4,12,4,2,2012/12/4,WN,19393,WN,N255WN,531,12889,1288903,32211,LAS,"Las Vegas, NV",NV,32,Nevada,85
2012,4,11,8,4,2012/11/8,AA,19805,AA,N3HHAA,532,12892,1289203,32575,LAX,"Los Angeles, CA",CA,6,California,91
2012,4,12,12,3,2012/12/12,WN,19393,WN,N707SA,534,14831,1483103,32457,SJC,"San Jose, CA",CA,6,California,91
2012,4,12,3,1,2012/12/3,B6,20409,B6,N595JB,537,11618,1161802,31703,EWR,"Newark, NJ",NJ,34,New Jersey,21
2012,4,12,25,2,2012/12/25,UA,19977,UA,N528UA,538,11278,1127802,30852,DCA,"Washington, DC",VA,51,Virginia,38
2012,4,12,17,1,2012/12/17,DL,19790,DL,N386DA,541,12478,1247802,31703,JFK,"New York, NY",NY,36,New York,22
2012,4,12,9,7,2012/12/9,UA,19977,UA,N809UA,542,10721,1072102,30721,BOS,"Boston, MA",MA,25,Massachusetts,13
2012,4,12,1,6,2012/12/1,UA,19977,UA,N489UA,543,14771,1477101,32457,SFO,"San Francisco, CA",CA,6,California,91
2012,4,12,23,7,2012/12/23,US,20355,US,N837AW,544,12892,1289203,32575,LAX,"Los Angeles, CA",CA,6,California,91
2012,4,12,30,7,2012/12/30,US,20355,US,N820AW,545,11298,1129803,30194,DFW,"Dallas/Fort Worth, TX",TX,48,Texas,74
2012,4,12,16,7,2012/12/16,DL,19790,DL,N3753,548,12889,1288903,32211,LAS,"Las Vegas, NV",NV,32,Nevada,85
2012,4,12,21,5,2012/12/21,FL,20437,FL,N971AT,556,15304,1530402,33195,TPA,"Tampa, FL",FL,12,Florida,33
2012,4,12,30,7,2012/12/30,FL,20437,FL,N921AT,557,15304,1530402,33195,TPA,"Tampa, FL",FL,12,Florida,33
2012,4,12,10,1,2012/12/10,FL,20437,FL,N990AT,558,15304,1530402,33195,TPA,"Tampa, FL",FL,12,Florida,33
2012,4,12,14,5,2012/12/14,WN,19393,WN,N652SW,559,13342,1334205,33342,MKE,"Milwaukee, WI",WI,55,Wisconsin,45
2012,4,12,25,2,2012/12/25,UA,19977,UA,N525UA,560,12478,1247802,31703,JFK,"New York, NY",NY,36,New York,22
2012,4,12,29,6,2012/12/29,AA,19805,AA,N470AA,563,11298,1129803,30194,DFW,"Dallas/Fort Worth, TX",TX,48,Texas,74
2012,4,12,2,7,2012/12/2,UA,19977,UA,N437UA,564,11292,1129202,30325,DEN,"Denver, CO",CO,8,Colorado,82
2012,4,12,9,7,2012/12/9,UA,19977,UA,N438UA,565,12266,1226603,31453,IAH,"Houston, TX",TX,48,Texas,74
2012,4,12,22,6,2012/12/22,WN,19393,WN,N620SW,568,13931,1393102,33667,ORF,"Norfolk, VA",VA,51,Virginia,38
2012,4,12,10,1,2012/12/10,AA,19805,AA,N3JRAA,569,14635,1463502,31714,RSW,"Fort Myers, FL",FL,12,Florida,33
2012,4,12,3,1,2012/12/3,FL,20437,FL,N289AT,570,15304,1530402,33195,TPA,"Tampa, FL",FL,12,Florida,33
2012,4,12,28,5,2012/12/28,B6,20409,B6,N298JB,571,12197,1219702,31703,HPN,"White Plains, NY",NY,36,New York,22
2012,4,12,28,5,2012/12/28,UA,19977,UA,N403UA,572,14771,1477101,32457,SFO,"San Francisco, CA",CA,6,California,91
2012,4,12,21,5,2012/12/21,UA,19977,UA,N523UA,573,11292,1129202,30325,DEN,"Denver, CO",CO,8,Colorado,82
2012,4,12,18,2,2012/12/18,UA,19977,UA,N567UA,574,10721,1072102,30721,BOS,"Boston, MA",MA,25,Massachusetts,13
2012,4,12,11,2,2012/12/11,WN,19393,WN,N427WN,575,14057,1405702,34057,PDX,"Portland, OR",OR,41,Oregon,92
2012,4,12,14,5,2012/12/14,AA,19805,AA,N374AA,577,11298,1129803,30194,DFW,"Dallas/Fort Worth, TX",TX,48,Texas,74
2012,4,12,28,5,2012/12/28,F9,20436,F9,N938FR,578,14869,1486903,34614,SLC,"Salt Lake City, UT",UT,49,Utah,87
2012,4,12,18,2,2012/12/18,AS,19930,AS,N706AS,579,14679,1467903,33570,SAN,"San Diego, CA",CA,6,California,91
2012,4,12,21,5,2012/12/21,AS,19930,AS,N624AS,583,14908,1490803,32575,SNA,"Santa Ana, CA",CA,6,California,91
2012,4,12,14,5,2012/12/14,WN,19393,WN,N388SW,584,10693,1069302,30693,BNA,"Nashville, TN",TN,47,Tennessee,54
2012,4,12,13,4,2012/12/13,B6,20409,B6,N197JB,585,12197,1219702,31703,HPN,"White Plains, NY",NY,36,New York,22
2012,4,12,5,3,2012/12/5,WN,19393,WN,N963WN,587,10397,1039705,30397,ATL,"Atlanta, GA",GA,13,Georgia,34
2012,4,12,29,6,2012/12/29,AA,19805,AA,N436AA,588,11298,1129803,30194,DFW,"Dallas/Fort Worth, TX",TX,48,Texas,74
2012,4,12,10,1,2012/12/10,UA,19977,UA,N402UA,590,14122,1412202,30198,PIT,"Pittsburgh, PA",PA,42,Pennsylvania,23
2012,4,12,23,7,2012/12/23,FL,20437,FL,N953AT,594,13342,1334205,33342,MKE,"Milwaukee, WI",WI,55,Wisconsin,45
2012,4,12,13,4,2012/12/13,US,20355,US,N804AW,600,14107,1410702,30466,PHX,"Phoenix, AZ",AZ,4,Arizona,81
2012,4,12,19,3,2012/12/19,B6,20409,B6,N192JB,602,12478,1247802,31703,JFK,"New York, NY",NY,36,New York,22
2012,4,12,10,1,2012/12/10,US,20355,US,N660AW,604,14107,1410702,30466,PHX,"Phoenix, AZ",AZ,4,Arizona,81
2012,4,12,15,6,2012/12/15,AS,19930,AS,N551AS,606,14747,1474703,30559,SEA,"Seattle, WA",WA,53,Washington,93
2012,4,12,20,4,2012/12/20,B6,20409,B6,N318JB,608,12478,1247802,31703,JFK,"New York, NY",NY,36,New York,22
2012,4,12,30,7,2012/12/30,AA,19805,AA,N493AA,610,11298,1129803,30194,DFW,"Dallas/Fort Worth, TX",TX,48,Texas,74
2012,4,12,27,4,2012/12/27,US,20355,US,N629AW,612,14107,1410702,30466,PHX,"Phoenix, AZ",AZ,4,Arizona,81
2012,4,12,9,7,2012/12/9,AS,19930,AS,N317AS,614,14747,1474703,30559,SEA,"Seattle, WA",WA,53,Washington,93
2012,4,12,30,7,2012/12/30,AA,19805,AA,N575AA,616,11298,1129803,30194,DFW,"Dallas/Fort Worth, TX",TX,48,Texas,74
2012,4,12,19,3,2012/12/19,FL,20437,FL,N960AT,617,13495,1349502,33495,MSY,"New Orleans, LA",LA,22,Louisiana,72
2012,4,12,8,6,2012/12/8,F9,20436,F9,N949FR,618,11292,1129202,30325,DEN,"Denver, CO",CO,8,Colorado,82
2012,4,12,11,2,2012/12/11,WN,19393,WN,N359SW,619,12889,1288903,32211,LAS,"Las Vegas, NV",NV,32,Nevada,85
2012,4,12,29,6,2012/12/29,UA,19977,UA,N498UA,620,12266,1226603,31453,IAH,"Houston, TX",TX,48,Texas,74
2012,4,12,4,2,2012/12/4,AA,19805,AA,N491AA,621,11298,1129803,30194,DFW,"Dallas/Fort Worth, TX",TX,48,Texas,74
2012,4,12,14,5,2012/12/14,WN,19393,WN,N278WN,625,13232,1323202,30977,MDW,"Chicago, IL",IL,17,Illinois,41
2012,4,12,14,5,2012/12/14,FL,20437,FL,N949AT,627,11066,1106602,31066,CMH,"Columbus, OH",OH,39,Ohio,44
2012,4,12,3,1,2012/12/3,WN,19393,WN,N709SW,629,10713,1071302,30713,BOI,"Boise, ID",ID,16,Idaho,83
2012,4,12,13,4,2012/12/13,UA,19977,UA,N524UA,630,13930,1393002,30977,ORD,"Chicago, IL",IL,17,Illinois,41
2012,4,12,13,4,2012/12/13,US,20355,US,N816AW,632,14107,1410702,30466,PHX,"Phoenix, AZ",AZ,4,Arizona,81
2012,4,12,18,2,2012/12/18,FL,20437,FL,N184AT,633,10397,1039705,30397,ATL,"Atlanta, GA",GA,13,Georgia,34
2012,4,12,11,2,2012/12/11,AA,19805,AA,N3JKAA,634,14908,1490803,32575,SNA,"Santa Ana, CA",CA,6,California,91
2012,4,12,9,7,2012/12/9,AA,19805,AA,N434AA,635,11298,1129803,30194,DFW,"Dallas/Fort Worth, TX",TX,48,Texas,74
2012,4,12,20,4,2012/12/20,FL,20437,FL,N974AT,637,13495,1349502,33495,MSY,"New Orleans, LA",LA,22,Louisiana,72
2012,4,12,23,7,2012/12/23,WN,19393,WN,N434WN,639,13232,1323202,30977,MDW,"Chicago, IL",IL,17,Illinois,41
2012,4,12,20,4,2012/12/20,UA,19977,UA,N843UA,641,14635,1463502,31714,RSW,"Fort Myers, FL",FL,12,Florida,33
2012,4,12,15,6,2012/12/15,B6,20409,B6,N805JB,642,14771,1477101,32457,SFO,"San Francisco, CA",CA,6,California,91
2012,4,12,21,5,2012/12/21,FL,20437,FL,N991AT,643,11267,1126702,31267,DAY,"Dayton, OH",OH,39,Ohio,44
2012,4,12,14,5,2012/12/14,AS,19930,AS,N617AS,644,14057,1405702,34057,PDX,"Portland, OR",OR,41,Oregon,92
2012,4,12,26,3,2012/12/26,B6,20409,B6,N809JB,645,12478,1247802,31703,JFK,"New York, NY",NY,36,New York,22
2012,4,12,21,5,2012/12/21,US,20355,US,N817AW,647,15304,1530402,33195,TPA,"Tampa, FL",FL,12,Florida,33
2012,4,12,29,6,2012/12/29,AA,19805,AA,N4XCAA,651,15016,1501603,31123,STL,"St. Louis, MO",MO,29,Missouri,64
2012,4,12,19,3,2012/12/19,US,20355,US,N663AW,652,14107,1410702,30466,PHX,"Phoenix, AZ",AZ,4,Arizona,81
2012,4,12,20,4,2012/12/20,US,20355,US,N814AW,654,14107,1410702,30466,PHX,"Phoenix, AZ",AZ,4,Arizona,81
2012,4,12,31,1,2012/12/31,DL,19790,DL,N954DN,658,11298,1129803,30194,DFW,"Dallas/Fort Worth, TX",TX,48,Texas,74
2012,4,12,23,7,2012/12/23,UA,19977,UA,N843UA,659,14869,1486903,34614,SLC,"Salt Lake City, UT",UT,49,Utah,87
2012,4,12,17,1,2012/12/17,AA,19805,AA,N489AA,661,15304,1530402,33195,TPA,"Tampa, FL",FL,12,Florida,33
2012,4,12,7,5,2012/12/7,US,20355,US,N676AW,662,14107,1410702,30466,PHX,"Phoenix, AZ",AZ,4,Arizona,81
2012,4,12,12,3,2012/12/12,WN,19393,WN,N764SW,663,13198,1319801,33198,MCI,"Kansas City, MO",MO,29,Missouri,64
2012,4,12,7,5,2012/12/7,WN,19393,WN,N550WN,665,14107,1410702,30466,PHX,"Phoenix, AZ",AZ,4,Arizona,81
2012,4,12,29,6,2012/12/29,AS,19930,AS,N513AS,667,11298,1129803,30194,DFW,"Dallas/Fort Worth, TX",TX,48,Texas,74
2012,4,12,4,2,2012/12/4,WN,19393,WN,N395SW,668,15370,1537002,34653,TUL,"Tulsa, OK",OK,40,Oklahoma,73
2012,4,12,16,7,2012/12/16,AA,19805,AA,N456AA,670,11298,1129803,30194,DFW,"Dallas/Fort Worth, TX",TX,48,Texas,74
2012,4,12,18,2,2012/12/18,F9,20436,F9,N905FR,671,13204,1320402,31454,MCO,"Orlando, FL",FL,12,Florida,33
2012,4,12,12,3,2012/12/12,UA,19977,UA,N455UA,672,14771,1477101,32457,SFO,"San Francisco, CA",CA,6,California,91
2012,4,12,21,5,2012/12/21,B6,20409,B6,N623JB,673,12478,1247802,31703,JFK,"New York, NY",NY,36,New York,22
2012,4,12,19,3,2012/12/19,AS,19930,AS,N618AS,674,14747,1474703,30559,SEA,"Seattle, WA",WA,53,Washington,93
2012,4,12,3,1,2012/12/3,WN,19393,WN,N228WN,675,11292,1129202,30325,DEN,"Denver, CO",CO,8,Colorado,82
2012,4,12,29,6,2012/12/29,AS,19930,AS,N611AS,676,14747,1474703,30559,SEA,"Seattle, WA",WA,53,Washington,93
2012,4,12,19,3,2012/12/19,B6,20409,B6,N789JB,677,12478,1247802,31703,JFK,"New York, NY",NY,36,New York,22
2012,4,12,19,3,2012/12/19,AA,19805,AA,N3HUAA,678,14747,1474703,30559,SEA,"Seattle, WA",WA,53,Washington,93
2012,4,12,1,6,2012/12/1,AS,19930,AS,N537AS,679,11292,1129202,30325,DEN,"Denver, CO",CO,8,Colorado,82
2012,4,12,6,4,2012/12/6,AA,19805,AA,N517AA,680,11298,1129803,30194,DFW,"Dallas/Fort Worth, TX",TX,48,Texas,74
2012,4,12,13,4,2012/12/13,US,20355,US,N678AW,683,14107,1410702,30466,PHX,"Phoenix, AZ",AZ,4,Arizona,81
2012,4,12,11,2,2012/12/11,WN,19393,WN,N954WN,684,10713,1071302,30713,BOI,"Boise, ID",ID,16,Idaho,83
2012,4,12,28,5,2012/12/28,UA,19977,UA,N644UA,685,13930,1393002,30977,ORD,"Chicago, IL",IL,17,Illinois,41
2012,4,12,4,2,2012/12/4,WN,19393,WN,N268WN,686,11292,1129202,30325,DEN,"Denver, CO",CO,8,Colorado,82
2012,4,12,5,3,2012/12/5,UA,19977,UA,N461UA,688,13930,1393002,30977,ORD,"Chicago, IL",IL,17,Illinois,41
2012,4,12,8,6,2012/12/8,B6,20409,B6,N229JB,689,10721,1072102,30721,BOS,"Boston, MA",MA,25,Massachusetts,13
2012,4,12,24,1,2012/12/24,UA,19977,UA,N848UA,690,11278,1127802,30852,DCA,"Washington, DC",VA,51,Virginia,38
2012,4,12,17,1,2012/12/17,AS,19930,AS,N795AS,691,11884,1188402,31884,GEG,"Spokane, WA",WA,53,Washington,93
2012,4,12,5,3,2012/12/5,B6,20409,B6,N184JB,695,10721,1072102,30721,BOS,"Boston, MA",MA,25,Massachusetts,13
2012,4,12,9,7,2012/12/9,UA,19977,UA,N848UA,697,13487,1348702,31650,MSP,"Minneapolis, MN",MN,27,Minnesota,63
2012,4,12,5,3,2012/12/5,WN,19393,WN,N703SW,698,10529,1052904,30529,BDL,"Hartford, CT",CT,9,Connecticut,11
2012,4,12,5,3,2012/12/5,DL,19790,DL,N320US,700,11986,1198603,31986,GRR,"Grand Rapids, MI",MI,26,Michigan,43
2012,4,12,4,2,2012/12/4,UA,19977,UA,N821UA,701,13198,1319801,33198,MCI,"Kansas City, MO",MO,29,Missouri,64
2012,4,12,8,6,2012/12/8,B6,20409,B6,N558JB,702,14843,1484303,34819,SJU,"San Juan, PR",PR,72,Puerto Rico,3
2012,4,12,3,1,2012/12/3,UA,19977,UA,N838UA,704,13851,1385103,33851,OKC,"Oklahoma City, OK",OK,40,Oklahoma,73
2012,4,12,13,4,2012/12/13,FL,20437,FL,N972AT,706,11697,1169703,32467,FLL,"Fort Lauderdale, FL",FL,12,Florida,33
2012,4,12,6,4,2012/12/6,UA,19977,UA,N561UA,707,11292,1129202,30325,DEN,"Denver, CO",CO,8,Colorado,82
2012,4,12,12,3,2012/12/12,WN,19393,WN,N483WN,708,11292,1129202,30325,DEN,"Denver, CO",CO,8,Colorado,82
2012,4,12,5,3,2012/12/5,WN,19393,WN,N748SW,709,12889,1288903,32211,LAS,"Las Vegas, NV",NV,32,Nevada,85
2012,4,12,31,1,2012/12/31,US,20355,US,N108UW,715,14100,1410002,34100,PHL,"Philadelphia, PA",PA,42,Pennsylvania,23
2012,4,12,12,3,2012/12/12,F9,20436,F9,N203FR,720,11292,1129202,30325,DEN,"Denver, CO",CO,8,Colorado,82
2012,4,12,14,5,2012/12/14,UA,19977,UA,N211UA,724,12173,1217301,32134,HNL,"Honolulu, HI",HI,15,Hawaii,2
2012,4,12,9,7,2012/12/9,DL,19790,DL,N6703D,727,12889,1288903,32211,LAS,"Las Vegas, NV",NV,32,Nevada,85
2012,4,12,26,3,2012/12/26,US,20355,US,N959UW,728,11298,1129803,30194,DFW,"Dallas/Fort Worth, TX",TX,48,Texas,74
2012,4,12,4,2,2012/12/4,WN,19393,WN,N944WN,729,13495,1349502,33495,MSY,"New Orleans, LA",LA,22,Louisiana,72
2012,4,12,4,2,2012/12/4,AS,19930,AS,N309AS,730,14747,1474703,30559,SEA,"Seattle, WA",WA,53,Washington,93
2012,4,12,2,7,2012/12/2,UA,19977,UA,N524UA,731,12266,1226603,31453,IAH,"Houston, TX",TX,48,Texas,74
2012,4,12,10,1,2012/12/10,AA,19805,AA,N3GFAA,732,11298,1129803,30194,DFW,"Dallas/Fort Worth, TX",TX,48,Texas,74
2012,4,12,1,6,2012/12/1,UA,19977,UA,N587UA,740,14057,1405702,34057,PDX,"Portland, OR",OR,41,Oregon,92
2012,4,12,22,6,2012/12/22,B6,20409,B6,N284JB,741,13204,1320402,31454,MCO,"Orlando, FL",FL,12,Florida,33
2012,4,12,1,6,2012/12/1,B6,20409,B6,N804JB,742,14843,1484303,34819,SJU,"San Juan, PR",PR,72,Puerto Rico,3
2012,4,12,22,6,2012/12/22,B6,20409,B6,N294JB,744,14843,1484303,34819,SJU,"San Juan, PR",PR,72,Puerto Rico,3
2012,4,12,10,1,2012/12/10,AS,19930,AS,N523AS,748,14747,1474703,30559,SEA,"Seattle, WA",WA,53,Washington,93
2012,4,12,11,2,2012/12/11,WN,19393,WN,N479WN,750,14831,1483103,32457,SJC,"San Jose, CA",CA,6,California,91
2012,4,12,12,3,2012/12/12,WN,19393,WN,N487WN,755,12892,1289203,32575,LAX,"Los Angeles, CA",CA,6,California,91
2012,4,12,2,7,2012/12/2,AS,19930,AS,N557AS,759,13198,1319801,33198,MCI,"Kansas City, MO",MO,29,Missouri,64
2012,4,12,5,3,2012/12/5,DL,19790,DL,N322US,762,10397,1039705,30397,ATL,"Atlanta, GA",GA,13,Georgia,34
2012,4,12,14,5,2012/12/14,F9,20436,F9,N206FR,765,11292,1129202,30325,DEN,"Denver, CO",CO,8,Colorado,82
2012,4,12,14,5,2012/12/14,US,20355,US,N556UW,768,15304,1530402,33195,TPA,"Tampa, FL",FL,12,Florida,33
2012,4,12,10,1,2012/12/10,WN,19393,WN,N445WN,769,13232,1323202,30977,MDW,"Chicago, IL",IL,17,Illinois,41
2012,4,12,20,4,2012/12/20,F9,20436,F9,N934FR,773,11292,1129202,30325,DEN,"Denver, CO",CO,8,Colorado,82
2012,4,12,4,2,2012/12/4,WN,19393,WN,N556WN,774,11042,1104202,30647,CLE,"Cleveland, OH",OH,39,Ohio,44
2012,4,12,9,7,2012/12/9,UA,19977,UA,N564UA,776,11292,1129202,30325,DEN,"Denver, CO",CO,8,Colorado,82
2012,4,12,17,1,2012/12/17,DL,19790,DL,N925DL,789,13487,1348702,31650,MSP,"Minneapolis, MN",MN,27,Minnesota,63
2012,4,12,4,2,2012/12/4,WN,19393,WN,N224WN,791,13796,1379601,32457,OAK,"Oakland, CA",CA,6,California,91
2012,4,12,21,5,2012/12/21,UA,19977,UA,N561UA,794,11618,1161802,31703,EWR,"Newark, NJ",NJ,34,New Jersey,21
2012,4,12,17,1,2012/12/17,VX,21171,VX,N632VA,796,14747,1474703,30559,SEA,"Seattle, WA",WA,53,Washington,93
2012,4,12,15,6,2012/12/15,AS,19930,AS,N592AS,808,13830,1383002,33830,OGG,"Kahului, HI",HI,15,Hawaii,2
2012,4,12,11,2,2012/12/11,DL,19790,DL,N972DL,809,10721,1072102,30721,BOS,"Boston, MA",MA,25,Massachusetts,13
2012,4,12,4,2,2012/12/4,DL,19790,DL,N904DE,812,10397,1039705,30397,ATL,"Atlanta, GA",GA,13,Georgia,34
2012,4,12,16,7,2012/12/16,F9,20436,F9,N921FR,817,12892,1289203,32575,LAX,"Los Angeles, CA",CA,6,California,91
2012,4,12,30,7,2012/12/30,F9,20436,F9,N924FR,825,11292,1129202,30325,DEN,"Denver, CO",CO,8,Colorado,82
2012,4,12,4,2,2012/12/4,UA,19977,UA,N467UA,842,10721,1072102,30721,BOS,"Boston, MA",MA,25,Massachusetts,13
2012,4,12,8,6,2012/12/8,B6,20409,B6,N506JB,843,10721,1072102,30721,BOS,"Boston, MA",MA,25,Massachusetts,13
2012,4,12,31,1,2012/12/31,AS,19930,AS,N538AS,845,14893,1489302,33192,SMF,"Sacramento, CA",CA,6,California,91
2012,4,12,23,7,2012/12/23,F9,20436,F9,N927FR,847,10874,1087402,30647,CAK,"Akron, OH",OH,39,Ohio,44
2012,4,12,6,4,2012/12/6,F9,20436,F9,N922FR,851,11292,1129202,30325,DEN,"Denver, CO",CO,8,Colorado,82
2012,4,12,20,4,2012/12/20,WN,19393,WN,N432WN,852,10423,1042302,30423,AUS,"Austin, TX",TX,48,Texas,74
2012,4,12,4,2,2012/12/4,AA,19805,AA,N467AA,853,13851,1385103,33851,OKC,"Oklahoma City, OK",OK,40,Oklahoma,73
2012,4,12,5,3,2012/12/5,WN,19393,WN,N379SW,854,10423,1042302,30423,AUS,"Austin, TX",TX,48,Texas,74
2012,4,12,19,3,2012/12/19,F9,20436,F9,N908FR,856,14107,1410702,30466,PHX,"Phoenix, AZ",AZ,4,Arizona,81
2012,4,12,14,5,2012/12/14,AA,19805,AA,N3FWAA,859,14100,1410002,34100,PHL,"Philadelphia, PA",PA,42,Pennsylvania,23
2012,4,12,31,1,2012/12/31,WN,19393,WN,N223WN,860,12889,1288903,32211,LAS,"Las Vegas, NV",NV,32,Nevada,85
2012,4,12,6,4,2012/12/6,B6,20409,B6,N279JB,874,13204,1320402,31454,MCO,"Orlando, FL",FL,12,Florida,33
2012,4,12,30,7,2012/12/30,UA,19977,UA,N222UA,884,12892,1289203,32575,LAX,"Los Angeles, CA",CA,6,California,91
2012,4,12,4,2,2012/12/4,WN,19393,WN,N251WN,894,12889,1288903,32211,LAS,"Las Vegas, NV",NV,32,Nevada,85
2012,4,12,26,3,2012/12/26,VX,21171,VX,N633VA,905,12889,1288903,32211,LAS,"Las Vegas, NV",NV,32,Nevada,85
2012,4,12,2,7,2012/12/2,DL,19790,DL,N900DE,910,10397,1039705,30397,ATL,"Atlanta, GA",GA,13,Georgia,34
2012,4,12,18,2,2012/12/18,VX,21171,VX,N642VA,924,14771,1477101,32457,SFO,"San Francisco, CA",CA,6,California,91
2012,4,12,9,7,2012/12/9,US,20355,US,N189UW,926,11057,1105703,31057,CLT,"Charlotte, NC",NC,37,North Carolina,36
2012,4,12,6,4,2012/12/6,WN,19393,WN,N488WN,927,14107,1410702,30466,PHX,"Phoenix, AZ",AZ,4,Arizona,81
2012,4,12,31,1,2012/12/31,DL,19790,DL,N353NW,945,11433,1143302,31295,DTW,"Detroit, MI",MI,26,Michigan,43
2012,4,12,15,6,2012/12/15,DL,19790,DL,N686DA,953,10397,1039705,30397,ATL,"Atlanta, GA",GA,13,Georgia,34
2012,4,12,1,6,2012/12/1,VX,21171,VX,N632VA,956,14771,1477101,32457,SFO,"San Francisco, CA",CA,6,California,91
2012,4,12,8,6,2012/12/8,B6,20409,B6,N561JB,961,10721,1072102,30721,BOS,"Boston, MA",MA,25,Massachusetts,13
2012,4,12,8,6,2012/12/8,DL,19790,DL,N395DN,980,12892,1289203,32575,LAX,"Los Angeles, CA",CA,6,California,91
2012,4,12,25,2,2012/12/25,AA,19805,AA,N4WKAA,1002,11540,1154003,30615,ELP,"El Paso, TX",TX,48,Texas,74
2012,4,12,24,1,2012/12/24,AA,19805,AA,N3HNAA,1004,13303,1330303,32467,MIA,"Miami, FL",FL,12,Florida,33
2012,4,12,16,7,2012/12/16,DL,19790,DL,N337NB,1005,13198,1319801,33198,MCI,"Kansas City, MO",MO,29,Missouri,64
2012,4,12,7,5,2012/12/7,US,20355,US,N702UW,1007,13577,1357702,31135,MYR,"Myrtle Beach, SC",SC,45,South Carolina,37
2012,4,12,15,6,2012/12/15,YV,20378,YV,N75995,1010,12982,1298202,32982,LIH,"Lihue, HI",HI,15,Hawaii,2
2012,4,12,5,3,2012/12/5,UA,19977,UA,N14237,1011,12266,1226603,31453,IAH,"Houston, TX",TX,48,Texas,74
2012,4,12,2,7,2012/12/2,YV,20378,YV,N75994,1012,12173,1217301,32134,HNL,"Honolulu, HI",HI,15,Hawaii,2
2012,4,12,16,7,2012/12/16,B6,20409,B6,N571JB,1015,10721,1072102,30721,BOS,"Boston, MA",MA,25,Massachusetts,13
2012,4,12,5,3,2012/12/5,UA,19977,UA,N24702,1017,12266,1226603,31453,IAH,"Houston, TX",TX,48,Texas,74
2012,4,12,14,5,2012/12/14,DL,19790,DL,N642DL,1018,10397,1039705,30397,ATL,"Atlanta, GA",GA,13,Georgia,34
2012,4,12,14,5,2012/12/14,US,20355,US,N427US,1019,10529,1052904,30529,BDL,"Hartford, CT",CT,9,Connecticut,11
2012,4,12,17,1,2012/12/17,DL,19790,DL,N67171,1020,14635,1463502,31714,RSW,"Fort Myers, FL",FL,12,Florida,33
2012,4,12,26,3,2012/12/26,US,20355,US,N180US,1021,10721,1072102,30721,BOS,"Boston, MA",MA,25,Massachusetts,13
2012,4,12,17,1,2012/12/17,DL,19790,DL,N919DN,1022,10397,1039705,30397,ATL,"Atlanta, GA",GA,13,Georgia,34
2012,4,12,7,5,2012/12/7,US,20355,US,N441US,1023,11057,1105703,31057,CLT,"Charlotte, NC",NC,37,North Carolina,36
2012,4,12,17,1,2012/12/17,DL,19790,DL,N908DE,1024,10792,1079204,30792,BUF,"Buffalo, NY",NY,36,New York,22
2012,4,12,25,2,2012/12/25,UA,19977,UA,N17627,1025,12266,1226603,31453,IAH,"Houston, TX",TX,48,Texas,74
2012,4,12,3,1,2012/12/3,DL,19790,DL,N3750D,1026,10397,1039705,30397,ATL,"Atlanta, GA",GA,13,Georgia,34
2012,4,12,26,3,2012/12/26,DL,19790,DL,N960DN,1027,10397,1039705,30397,ATL,"Atlanta, GA",GA,13,Georgia,34
2012,4,12,31,1,2012/12/31,YV,20378,YV,N75995,1028,12982,1298202,32982,LIH,"Lihue, HI",HI,15,Hawaii,2
2012,4,12,24,1,2012/12/24,WN,19393,WN,N636WN,1033,13198,1319801,33198,MCI,"Kansas City, MO",MO,29,Missouri,64
2012,4,12,9,7,2012/12/9,US,20355,US,N250AY,1035,14843,1484303,34819,SJU,"San Juan, PR",PR,72,Puerto Rico,3
2012,4,12,5,3,2012/12/5,WN,19393,WN,N735SA,1037,13204,1320402,31454,MCO,"Orlando, FL",FL,12,Florida,33
2012,4,12,25,2,2012/12/25,WN,19393,WN,N475WN,1038,12892,1289203,32575,LAX,"Los Angeles, CA",CA,6,California,91
2012,4,12,28,5,2012/12/28,DL,19790,DL,N6711M,1044,10397,1039705,30397,ATL,"Atlanta, GA",GA,13,Georgia,34
2012,4,12,6,4,2012/12/6,US,20355,US,N124US,1048,11057,1105703,31057,CLT,"Charlotte, NC",NC,37,North Carolina,36
2012,4,12,20,4,2012/12/20,US,20355,US,N438US,1051,10529,1052904,30529,BDL,"Hartford, CT",CT,9,Connecticut,11
2012,4,12,18,2,2012/12/18,US,20355,US,N746UW,1053,15016,1501603,31123,STL,"St. Louis, MO",MO,29,Missouri,64
2012,4,12,14,5,2012/12/14,WN,19393,WN,N487WN,1058,13232,1323202,30977,MDW,"Chicago, IL",IL,17,Illinois,41
2012,4,12,14,5,2012/12/14,WN,19393,WN,N445WN,1059,14679,1467903,33570,SAN,"San Diego, CA",CA,6,California,91
2012,4,12,27,4,2012/12/27,DL,19790,DL,N929DL,1062,10397,1039705,30397,ATL,"Atlanta, GA",GA,13,Georgia,34
2012,4,12,11,2,2012/12/11,UA,19977,UA,N30401,1070,14679,1467903,33570,SAN,"San Diego, CA",CA,6,California,91
2012,4,12,29,6,2012/12/29,US,20355,US,N939UW,1073,14100,1410002,34100,PHL,"Philadelphia, PA",PA,42,Pennsylvania,23
2012,4,12,24,1,2012/12/24,WN,19393,WN,N791SW,1074,13232,1323202,30977,MDW,"Chicago, IL",IL,17,Illinois,41
2012,4,12,29,6,2012/12/29,AA,19805,AA,N3DAAA,1076,14908,1490803,32575,SNA,"Santa Ana, CA",CA,6,California,91
2012,4,12,30,7,2012/12/30,AA,19805,AA,N5DGAA,1077,15370,1537002,34653,TUL,"Tulsa, OK",OK,40,Oklahoma,73
2012,4,12,30,7,2012/12/30,WN,19393,WN,N428WN,1078,11292,1129202,30325,DEN,"Denver, CO",CO,8,Colorado,82
2012,4,12,16,7,2012/12/16,DL,19790,DL,N985DL,1087,11252,1125203,31252,DAB,"Daytona Beach, FL",FL,12,Florida,33
2012,4,12,18,2,2012/12/18,WN,19393,WN,N441WN,1092,13232,1323202,30977,MDW,"Chicago, IL",IL,17,Illinois,41
2012,4,12,14,5,2012/12/14,AA,19805,AA,N3CJAA,1094,13303,1330303,32467,MIA,"Miami, FL",FL,12,Florida,33
2012,4,12,16,7,2012/12/16,UA,19977,UA,N59630,1096,11298,1129803,30194,DFW,"Dallas/Fort Worth, TX",TX,48,Texas,74
2012,4,12,25,2,2012/12/25,B6,20409,B6,N266JB,1100,14492,1449202,34492,RDU,"Raleigh/Durham, NC",NC,37,North Carolina,36
2012,4,12,7,5,2012/12/7,DL,19790,DL,N332NW,1103,13487,1348702,31650,MSP,"Minneapolis, MN",MN,27,Minnesota,63
2012,4,12,4,2,2012/12/4,US,20355,US,N537UW,1105,11057,1105703,31057,CLT,"Charlotte, NC",NC,37,North Carolina,36
2012,4,12,7,5,2012/12/7,B6,20409,B6,N216JB,1106,14492,1449202,34492,RDU,"Raleigh/Durham, NC",NC,37,North Carolina,36
2012,4,12,15,6,2012/12/15,US,20355,US,N112US,1108,11298,1129803,30194,DFW,"Dallas/Fort Worth, TX",TX,48,Texas,74
2012,4,12,27,4,2012/12/27,AA,19805,AA,N5DMAA,1112,14771,1477101,32457,SFO,"San Francisco, CA",CA,6,California,91
2012,4,12,30,7,2012/12/30,B6,20409,B6,N348JB,1115,14524,1452401,34524,RIC,"Richmond, VA",VA,51,Virginia,38
2012,4,12,26,3,2012/12/26,DL,19790,DL,N372NW,1116,12889,1288903,32211,LAS,"Las Vegas, NV",NV,32,Nevada,85
2012,4,12,3,1,2012/12/3,AA,19805,AA,N518AA,1129,12339,1233904,32337,IND,"Indianapolis, IN",IN,18,Indiana,42
2012,4,12,19,3,2012/12/19,UA,19977,UA,N14237,1153,11618,1161802,31703,EWR,"Newark, NJ",NJ,34,New Jersey,21
2012,4,12,2,7,2012/12/2,WN,19393,WN,N637SW,1157,13198,1319801,33198,MCI,"Kansas City, MO",MO,29,Missouri,64
2012,4,12,17,1,2012/12/17,WN,19393,WN,N349SW,1161,12892,1289203,32575,LAX,"Los Angeles, CA",CA,6,California,91
2012,4,12,2,7,2012/12/2,DL,19790,DL,N702TW,1162,12892,1289203,32575,LAX,"Los Angeles, CA",CA,6,California,91
2012,4,12,26,3,2012/12/26,DL,19790,DL,N990DL,1164,13198,1319801,33198,MCI,"Kansas City, MO",MO,29,Missouri,64
2012,4,12,25,2,2012/12/25,UA,19977,UA,N75429,1172,12889,1288903,32211,LAS,"Las Vegas, NV",NV,32,Nevada,85
2012,4,12,16,7,2012/12/16,AA,19805,AA,N454AA,1174,15304,1530402,33195,TPA,"Tampa, FL",FL,12,Florida,33
2012,4,12,2,7,2012/12/2,B6,20409,B6,N274JB,1175,10721,1072102,30721,BOS,"Boston, MA",MA,25,Massachusetts,13
2012,4,12,21,5,2012/12/21,DL,19790,DL,N934DL,1176,10397,1039705,30397,ATL,"Atlanta, GA",GA,13,Georgia,34
2012,4,12,28,5,2012/12/28,B6,20409,B6,N329JB,1177,10721,1072102,30721,BOS,"Boston, MA",MA,25,Massachusetts,13
2012,4,12,18,2,2012/12/18,WN,19393,WN,N633SW,1178,11697,1169703,32467,FLL,"Fort Lauderdale, FL",FL,12,Florida,33
2012,4,12,28,5,2012/12/28,DL,19790,DL,N965DN,1179,15016,1501603,31123,STL,"St. Louis, MO",MO,29,Missouri,64
2012,4,12,5,3,2012/12/5,US,20355,US,N419US,1181,11057,1105703,31057,CLT,"Charlotte, NC",NC,37,North Carolina,36
2012,4,12,21,5,2012/12/21,UA,19977,UA,N76269,1182,12892,1289203,32575,LAX,"Los Angeles, CA",CA,6,California,91
2012,4,12,29,6,2012/12/29,UA,19977,UA,N18243,1187,14683,1468303,33214,SAT,"San Antonio, TX",TX,48,Texas,74
2012,4,12,20,4,2012/12/20,WN,19393,WN,N629SW,1194,14893,1489302,33192,SMF,"Sacramento, CA",CA,6,California,91
2012,4,12,27,4,2012/12/27,AA,19805,AA,N3DCAA,1205,13930,1393002,30977,ORD,"Chicago, IL",IL,17,Illinois,41
2012,4,12,15,6,2012/12/15,UA,19977,UA,N37274,1212,10299,1029904,30299,ANC,"Anchorage, AK",AK,2,Alaska,1
2012,4,12,16,7,2012/12/16,WN,19393,WN,N795SW,1216,10821,1082103,30852,BWI,"Baltimore, MD",MD,24,Maryland,35
2012,4,12,25,2,2012/12/25,B6,20409,B6,N274JB,1219,10721,1072102,30721,BOS,"Boston, MA",MA,25,Massachusetts,13
2012,4,12,2,7,2012/12/2,UA,19977,UA,N77518,1226,13495,1349502,33495,MSY,"New Orleans, LA",LA,22,Louisiana,72
2012,4,12,27,4,2012/12/27,DL,19790,DL,N3743H,1233,13931,1393102,33667,ORF,"Norfolk, VA",VA,51,Virginia,38
2012,4,12,5,3,2012/12/5,DL,19790,DL,N786NC,1242,11433,1143302,31295,DTW,"Detroit, MI",MI,26,Michigan,43
2012,4,12,17,1,2012/12/17,AA,19805,AA,N552AA,1243,11057,1105703,31057,CLT,"Charlotte, NC",NC,37,North Carolina,36
2012,4,12,11,2,2012/12/11,AA,19805,AA,N3FYAA,1246,11298,1129803,30194,DFW,"Dallas/Fort Worth, TX",TX,48,Texas,74
2012,4,12,3,1,2012/12/3,WN,19393,WN,N932WN,1247,11292,1129202,30325,DEN,"Denver, CO",CO,8,Colorado,82
2012,4,12,30,7,2012/12/30,DL,19790,DL,N308DE,1251,10397,1039705,30397,ATL,"Atlanta, GA",GA,13,Georgia,34
2012,4,12,17,1,2012/12/17,DL,19790,DL,N136DL,1254,12892,1289203,32575,LAX,"Los Angeles, CA",CA,6,California,91
2012,4,12,5,3,2012/12/5,WN,19393,WN,N750SA,1258,11697,1169703,32467,FLL,"Fort Lauderdale, FL",FL,12,Florida,33
2012,4,12,8,6,2012/12/8,DL,19790,DL,N918DL,1267,10397,1039705,30397,ATL,"Atlanta, GA",GA,13,Georgia,34
2012,4,12,13,4,2012/12/13,DL,19790,DL,N365NB,1268,15016,1501603,31123,STL,"St. Louis, MO",MO,29,Missouri,64
2012,4,12,17,1,2012/12/17,WN,19393,WN,N944WN,1270,10529,1052904,30529,BDL,"Hartford, CT",CT,9,Connecticut,11
2012,4,12,11,2,2012/12/11,WN,19393,WN,N929WN,1272,11292,1129202,30325,DEN,"Denver, CO",CO,8,Colorado,82
2012,4,12,25,2,2012/12/25,UA,19977,UA,N33266,1283,15304,1530402,33195,TPA,"Tampa, FL",FL,12,Florida,33
2012,4,12,11,2,2012/12/11,DL,19790,DL,N502US,1293,10397,1039705,30397,ATL,"Atlanta, GA",GA,13,Georgia,34
2012,4,12,18,2,2012/12/18,WN,19393,WN,N670SW,1295,13198,1319801,33198,MCI,"Kansas City, MO",MO,29,Missouri,64
2012,4,12,5,3,2012/12/5,DL,19790,DL,N940DL,1297,10397,1039705,30397,ATL,"Atlanta, GA",GA,13,Georgia,34
2012,4,12,3,1,2012/12/3,UA,19977,UA,N14231,1401,11618,1161802,31703,EWR,"Newark, NJ",NJ,34,New Jersey,21
2012,4,12,29,6,2012/12/29,DL,19790,DL,N658DL,1402,12889,1288903,32211,LAS,"Las Vegas, NV",NV,32,Nevada,85
2012,4,12,22,6,2012/12/22,DL,19790,DL,N338NW,1408,14869,1486903,34614,SLC,"Salt Lake City, UT",UT,49,Utah,87
2012,4,12,31,1,2012/12/31,UA,19977,UA,N14230,1411,14869,1486903,34614,SLC,"Salt Lake City, UT",UT,49,Utah,87
2012,4,12,13,4,2012/12/13,B6,20409,B6,N793JB,1416,10423,1042302,30423,AUS,"Austin, TX",TX,48,Texas,74
2012,4,12,21,5,2012/12/21,B6,20409,B6,N612JB,1417,10423,1042302,30423,AUS,"Austin, TX",TX,48,Texas,74
2012,4,12,25,2,2012/12/25,UA,19977,UA,N54711,1425,14027,1402702,34027,PBI,"West Palm Beach/Palm Beach, FL",FL,12,Florida,33
2012,4,12,31,1,2012/12/31,WN,19393,WN,N751SW,1430,10397,1039705,30397,ATL,"Atlanta, GA",GA,13,Georgia,34
2012,4,12,25,2,2012/12/25,UA,19977,UA,N20904,1433,12266,1226603,31453,IAH,"Houston, TX",TX,48,Texas,74
2012,4,12,6,4,2012/12/6,UA,19977,UA,N36447,1435,11292,1129202,30325,DEN,"Denver, CO",CO,8,Colorado,82
2012,4,12,27,4,2012/12/27,B6,20409,B6,N508JB,1436,12954,1295402,32575,LGB,"Long Beach, CA",CA,6,California,91
2012,4,12,15,6,2012/12/15,US,20355,US,N193UW,1445,11057,1105703,31057,CLT,"Charlotte, NC",NC,37,North Carolina,36
2012,4,12,24,1,2012/12/24,WN,19393,WN,N941WN,1472,10529,1052904,30529,BDL,"Hartford, CT",CT,9,Connecticut,11
2012,4,12,30,7,2012/12/30,UA,19977,UA,N45440,1480,11618,1161802,31703,EWR,"Newark, NJ",NJ,34,New Jersey,21
2012,4,12,27,4,2012/12/27,AA,19805,AA,N4YHAA,1482,12889,1288903,32211,LAS,"Las Vegas, NV",NV,32,Nevada,85
2012,4,12,26,3,2012/12/26,US,20355,US,N125UW,1488,11057,1105703,31057,CLT,"Charlotte, NC",NC,37,North Carolina,36
2012,4,12,13,4,2012/12/13,AA,19805,AA,N473AA,1492,14869,1486903,34614,SLC,"Salt Lake City, UT",UT,49,Utah,87
2012,4,12,13,4,2012/12/13,US,20355,US,N189UW,1507,11057,1105703,31057,CLT,"Charlotte, NC",NC,37,North Carolina,36
2012,4,12,7,5,2012/12/7,DL,19790,DL,N963DL,1521,10397,1039705,30397,ATL,"Atlanta, GA",GA,13,Georgia,34
2012,4,12,17,1,2012/12/17,WN,19393,WN,N299WN,1546,10599,1059904,30599,BHM,"Birmingham, AL",AL,1,Alabama,51
2012,4,12,25,2,2012/12/25,UA,19977,UA,N38424,1578,14107,1410702,30466,PHX,"Phoenix, AZ",AZ,4,Arizona,81
2012,4,12,11,2,2012/12/11,AA,19805,AA,N202AA,1602,11298,1129803,30194,DFW,"Dallas/Fort Worth, TX",TX,48,Texas,74
2012,4,12,2,7,2012/12/2,WN,19393,WN,N484WN,1626,14683,1468303,33214,SAT,"San Antonio, TX",TX,48,Texas,74
2012,4,12,10,1,2012/12/10,US,20355,US,N458UW,1628,13204,1320402,31454,MCO,"Orlando, FL",FL,12,Florida,33
2012,4,12,2,7,2012/12/2,UA,19977,UA,N76062,1630,12266,1226603,31453,IAH,"Houston, TX",TX,48,Texas,74
2012,4,12,8,6,2012/12/8,WN,19393,WN,N656SW,1634,10821,1082103,30852,BWI,"Baltimore, MD",MD,24,Maryland,35
2012,4,12,2,7,2012/12/2,WN,19393,WN,N436WN,1661,10599,1059904,30599,BHM,"Birmingham, AL",AL,1,Alabama,51
2012,4,12,21,5,2012/12/21,DL,19790,DL,N787NC,1665,14730,1473003,33044,SDF,"Louisville, KY",KY,21,Kentucky,52
2012,4,12,1,6,2012/12/1,DL,19790,DL,N990DL,1667,10397,1039705,30397,ATL,"Atlanta, GA",GA,13,Georgia,34
2012,4,12,26,3,2012/12/26,UA,19977,UA,N24702,1675,11292,1129202,30325,DEN,"Denver, CO",CO,8,Colorado,82
2012,4,12,14,5,2012/12/14,UA,19977,UA,N58101,1690,11618,1161802,31703,EWR,"Newark, NJ",NJ,34,New Jersey,21
2012,4,12,30,7,2012/12/30,DL,19790,DL,N969DL,1695,11066,1106602,31066,CMH,"Columbus, OH",OH,39,Ohio,44
2012,4,12,30,7,2012/12/30,DL,19790,DL,N904DE,1696,10397,1039705,30397,ATL,"Atlanta, GA",GA,13,Georgia,34
2012,4,12,5,3,2012/12/5,AA,19805,AA,N4XMAA,1704,11298,1129803,30194,DFW,"Dallas/Fort Worth, TX",TX,48,Texas,74
2012,4,12,11,2,2012/12/11,US,20355,US,N558UW,1729,13487,1348702,31650,MSP,"Minneapolis, MN",MN,27,Minnesota,63
2012,4,12,21,5,2012/12/21,AA,19805,AA,N3AKAA,1741,13930,1393002,30977,ORD,"Chicago, IL",IL,17,Illinois,41
2012,4,12,19,3,2012/12/19,US,20355,US,N174US,1790,12889,1288903,32211,LAS,"Las Vegas, NV",NV,32,Nevada,85
2012,4,12,5,3,2012/12/5,AA,19805,AA,N492AA,1983,11066,1106602,31066,CMH,"Columbus, OH",OH,39,Ohio,44
2012,4,12,6,4,2012/12/6,WN,19393,WN,N264LV,2703,12992,1299204,32600,LIT,"Little Rock, AR",AR,5,Arkansas,71
