Year,Quarter,Month,DayofMonth,DayOfWeek,FlightDate,UniqueCarrier,AirlineID,Carrier,TailNum,FlightNum,OriginAirportID,OriginAirportSeqID,OriginCityMarketID,Origin,OriginCityName
2012,4,12,15,6,2012/12/15,HA,19690,HA,N581HA,1,12892,1289203,32575,LAX,"Los Angeles, CA"
2012,4,12,28,5,2012/12/28,AS,19930,AS,N520AS,2,14747,1474703,30559,SEA,"Seattle, WA"
2012,4,12,7,5,2012/12/7,US,20355,US,N542UW,3,14107,1410702,30466,PHX,"Phoenix, AZ"
2012,4,12,28,5,2012/12/28,AS,19930,AS,N593AS,4,14747,1474703,30559,SEA,"Seattle, WA"
2012,4,11,20,2,2012/11/20,AA,19805,AA,N369AA,5,11298,1129803,30194,DFW,"Dallas/Fort Worth, TX"
2012,4,12,1,6,2012/12/1,US,20355,US,N631AW,6,14107,1410702,30466,PHX,"Phoenix, AZ"
2012,4,12,18,2,2012/12/18,US,20355,US,N551UW,7,14107,1410702,30466,PHX,"Phoenix, AZ"
2012,4,12,31,1,2012/12/31,WN,19393,WN,N478WN,8,13198,1319801,33198,MCI,"Kansas City, MO"
2012,4,12,17,1,2012/12/17,HA,19690,HA,N389HA,9,12892,1289203,32575,LAX,"Los Angeles, CA"
2012,4,12,29,6,2012/12/29,FL,20437,FL,N981AT,10,10397,1039705,30397,ATL,"Atlanta, GA"
2012,4,12,25,2,2012/12/25,WN,19393,WN,N694SW,12,11292,1129202,30325,DEN,"Denver, CO"
2012,4,12,22,6,2012/12/22,UA,19977,UA,N66056,14,12173,1217301,32134,HNL,"Honolulu, HI"
2012,4,12,26,3,2012/12/26,AS,19930,AS,N565AS,15,10721,1072102,30721,BOS,"Boston, MA"
2012,4,12,6,4,2012/12/6,HA,19690,HA,N385HA,16,12173,1217301,32134,HNL,"Honolulu, HI"
2012,4,12,27,4,2012/12/27,FL,20437,FL,N939AT,18,10397,1039705,30397,ATL,"Atlanta, GA"
2012,4,12,12,3,2012/12/12,AS,19930,AS,N594AS,19,13204,1320402,31454,MCO,"Orlando, FL"
2012,4,12,18,2,2012/12/18,WN,19393,WN,N266WN,20,12191,1219102,31453,HOU,"Houston, TX"
2012,4,12,7,5,2012/12/7,AA,19805,AA,N329AA,21,12478,1247802,31703,JFK,"New York, NY"
2012,4,12,22,6,2012/12/22,B6,20409,B6,N527JB,22,12478,1247802,31703,JFK,"New York, NY"
2012,4,12,1,6,2012/12/1,US,20355,US,N905AW,23,12173,1217301,32134,HNL,"Honolulu, HI"
2012,4,12,13,4,2012/12/13,WN,19393,WN,N731SA,24,11481,1148102,31481,ECP,"Panama City, FL"
2012,4,12,31,1,2012/12/31,AA,19805,AA,N3EYAA,25,10721,1072102,30721,BOS,"Boston, MA"
2012,4,12,24,1,2012/12/24,US,20355,US,N906AW,26,13830,1383002,33830,OGG,"Kahului, HI"
2012,4,12,1,6,2012/12/1,DL,19790,DL,N301DQ,27,12478,1247802,31703,JFK,"New York, NY"
2012,4,12,10,1,2012/12/10,VX,21171,VX,N638VA,29,12478,1247802,31703,JFK,"New York, NY"
2012,4,12,4,2,2012/12/4,VX,21171,VX,N844VA,30,14262,1426202,34262,PSP,"Palm Springs, CA"
2012,4,12,10,1,2012/12/10,WN,19393,WN,N371SW,31,11292,1129202,30325,DEN,"Denver, CO"
2012,4,11,16,5,2012/11/16,AA,19805,AA,N335AA,32,12892,1289203,32575,LAX,"Los Angeles, CA"
2012,4,12,16,7,2012/12/16,AS,19930,AS,N553AS,33,14100,1410002,34100,PHL,"Philadelphia, PA"
2012,4,12,26,3,2012/12/26,US,20355,US,N545UW,35,14107,1410702,30466,PHX,"Phoenix, AZ"
2012,4,12,14,5,2012/12/14,HA,19690,HA,N596HA,36,12173,1217301,32134,HNL,"Honolulu, HI"
2012,4,12,30,7,2012/12/30,AS,19930,AS,N587AS,38,14747,1474703,30559,SEA,"Seattle, WA"
2012,4,12,25,2,2012/12/25,WN,19393,WN,N526SW,40,11259,1125903,30194,DAL,"Dallas, TX"
2012,4,12,30,7,2012/12/30,B6,20409,B6,N661JB,41,12478,1247802,31703,JFK,"New York, NY"
2012,4,12,20,4,2012/12/20,AS,19930,AS,N768AS,44,10551,1055102,30113,BET,"Bethel, AK"
2012,4,12,13,4,2012/12/13,FL,20437,FL,N957AT,48,10397,1039705,30397,ATL,"Atlanta, GA"
2012,4,12,17,1,2012/12/17,US,20355,US,N651AW,51,14057,1405702,34057,PDX,"Portland, OR"
2012,4,12,21,5,2012/12/21,B6,20409,B6,N556JB,52,13204,1320402,31454,MCO,"Orlando, FL"
2012,4,12,21,5,2012/12/21,B6,20409,B6,N247JB,53,14576,1457604,34576,ROC,"Rochester, NY"
2012,4,12,30,7,2012/12/30,AS,19930,AS,N763AS,55,10754,1075402,30107,BRW,"Barrow, AK"
2012,4,12,6,4,2012/12/6,WN,19393,WN,N757LV,59,12889,1288903,32211,LAS,"Las Vegas, NV"
2012,4,12,15,6,2012/12/15,AS,19930,AS,N796AS,60,12819,1281902,31401,KTN,"Ketchikan, AK"
2012,4,12,25,2,2012/12/25,WN,19393,WN,N278WN,61,13796,1379601,32457,OAK,"Oakland, CA"
2012,4,12,7,5,2012/12/7,AS,19930,AS,N794AS,62,12523,1252302,32523,JNU,"Juneau, AK"
2012,4,12,12,3,2012/12/12,AS,19930,AS,N768AS,64,15841,1584102,35841,WRG,"Wrangell, AK"
2012,4,12,5,3,2012/12/5,US,20355,US,N675AW,65,11278,1127802,30852,DCA,"Washington, DC"
2012,4,12,27,4,2012/12/27,UA,19977,UA,N23707,66,14771,1477101,32457,SFO,"San Francisco, CA"
2012,4,12,7,5,2012/12/7,AS,19930,AS,N793AS,67,12523,1252302,32523,JNU,"Juneau, AK"
2012,4,12,4,2,2012/12/4,US,20355,US,N622AW,73,14107,1410702,30466,PHX,"Phoenix, AZ"
2012,4,12,8,6,2012/12/8,US,20355,US,N654AW,75,11618,1161802,31703,EWR,"Newark, NJ"
2012,4,12,11,2,2012/12/11,US,20355,US,N672AW,81,14107,1410702,30466,PHX,"Phoenix, AZ"
2012,4,12,16,7,2012/12/16,US,20355,US,N627AW,90,14107,1410702,30466,PHX,"Phoenix, AZ"
2012,4,12,21,5,2012/12/21,FL,20437,FL,N318AT,92,10397,1039705,30397,ATL,"Atlanta, GA"
2012,4,12,10,1,2012/12/10,FL,20437,FL,N891AT,101,10397,1039705,30397,ATL,"Atlanta, GA"
2012,4,12,22,6,2012/12/22,WN,19393,WN,N399WN,102,13198,1319801,33198,MCI,"Kansas City, MO"
2012,4,12,7,5,2012/12/7,B6,20409,B6,N206JB,104,12478,1247802,31703,JFK,"New York, NY"
2012,4,12,31,1,2012/12/31,UA,19977,UA,N76508,106,10423,1042302,30423,AUS,"Austin, TX"
2012,4,12,12,3,2012/12/12,WN,19393,WN,N923WN,107,11433,1143302,31295,DTW,"Detroit, MI"
2012,4,12,10,1,2012/12/10,FL,20437,FL,N987AT,108,10397,1039705,30397,ATL,"Atlanta, GA"
2012,4,12,23,7,2012/12/23,DL,19790,DL,N139DL,109,10397,1039705,30397,ATL,"Atlanta, GA"
2012,4,12,11,2,2012/12/11,HA,19690,HA,N480HA,110,12982,1298202,32982,LIH,"Lihue, HI"
2012,4,12,23,7,2012/12/23,AS,19930,AS,N535AS,116,10299,1029904,30299,ANC,"Anchorage, AK"
2012,4,11,15,4,2012/11/15,AA,19805,AA,N320AA,117,12478,1247802,31703,JFK,"New York, NY"
2012,4,12,16,7,2012/12/16,AA,19805,AA,N322AA,118,12892,1289203,32575,LAX,"Los Angeles, CA"
2012,4,12,10,1,2012/12/10,WN,19393,WN,N908WN,119,14831,1483103,32457,SJC,"San Jose, CA"
2012,4,12,5,3,2012/12/5,B6,20409,B6,N703JB,121,10721,1072102,30721,BOS,"Boston, MA"
2012,4,12,31,1,2012/12/31,F9,20436,F9,N920FR,122,11292,1129202,30325,DEN,"Denver, CO"
2012,4,12,18,2,2012/12/18,FL,20437,FL,N945AT,124,10397,1039705,30397,ATL,"Atlanta, GA"
2012,4,12,6,4,2012/12/6,US,20355,US,N908AW,125,12173,1217301,32134,HNL,"Honolulu, HI"
2012,4,12,5,3,2012/12/5,DL,19790,DL,N645DL,128,14747,1474703,30559,SEA,"Seattle, WA"
2012,4,12,13,4,2012/12/13,F9,20436,F9,N912FR,129,11298,1129803,30194,DFW,"Dallas/Fort Worth, TX"
2012,4,12,23,7,2012/12/23,F9,20436,F9,N932FR,130,11292,1129202,30325,DEN,"Denver, CO"
2012,4,12,31,1,2012/12/31,HA,19690,HA,N490HA,132,13830,1383002,33830,OGG,"Kahului, HI"
2012,4,12,22,6,2012/12/22,B6,20409,B6,N632JB,137,12478,1247802,31703,JFK,"New York, NY"
2012,4,12,19,3,2012/12/19,FL,20437,FL,N953AT,143,10397,1039705,30397,ATL,"Atlanta, GA"
2012,4,12,13,4,2012/12/13,VX,21171,VX,N846VA,144,14771,1477101,32457,SFO,"San Francisco, CA"
2012,4,12,18,2,2012/12/18,HA,19690,HA,N476HA,145,13830,1383002,33830,OGG,"Kahului, HI"
2012,4,12,2,7,2012/12/2,AS,19930,AS,N764AS,151,10299,1029904,30299,ANC,"Anchorage, AK"
2012,4,12,24,1,2012/12/24,HA,19690,HA,N486HA,152,13830,1383002,33830,OGG,"Kahului, HI"
2012,4,12,20,4,2012/12/20,AA,19805,AA,N4WPAA,153,13204,1320402,31454,MCO,"Orlando, FL"
2012,4,11,4,7,2012/11/4,AA,19805,AA,N353AA,160,14679,1467903,33570,SAN,"San Diego, CA"
2012,4,12,25,2,2012/12/25,UA,19977,UA,N20904,161,14771,1477101,32457,SFO,"San Francisco, CA"
2012,4,12,17,1,2012/12/17,UA,19977,UA,N18119,162,12892,1289203,32575,LAX,"Los Angeles, CA"
2012,4,12,10,1,2012/12/10,WN,19393,WN,N280WN,163,14492,1449202,34492,RDU,"Raleigh/Durham, NC"
2012,4,12,25,2,2012/12/25,HA,19690,HA,N476HA,176,12173,1217301,32134,HNL,"Honolulu, HI"
2012,4,12,28,5,2012/12/28,B6,20409,B6,N632JB,179,12478,1247802,31703,JFK,"New York, NY"
2012,4,11,17,6,2012/11/17,AA,19805,AA,N320AA,180,12892,1289203,32575,LAX,"Los Angeles, CA"
2012,4,12,15,6,2012/12/15,DL,19790,DL,N359NB,181,12953,1295302,31703,LGA,"New York, NY"
2012,4,12,10,1,2012/12/10,AS,19930,AS,N791AS,183,10299,1029904,30299,ANC,"Anchorage, AK"
2012,4,12,12,3,2012/12/12,B6,20409,B6,N585JB,184,14679,1467903,33570,SAN,"San Diego, CA"
2012,4,12,1,6,2012/12/1,FL,20437,FL,N993AT,192,10821,1082103,30852,BWI,"Baltimore, MD"
2012,4,12,18,2,2012/12/18,AS,19930,AS,N799AS,195,10299,1029904,30299,ANC,"Anchorage, AK"
2012,4,12,27,4,2012/12/27,UA,19977,UA,N211UA,200,12016,1201602,32016,GUM,"Guam, TT"
2012,4,12,26,3,2012/12/26,UA,19977,UA,N213UA,201,12173,1217301,32134,HNL,"Honolulu, HI"
2012,4,12,16,7,2012/12/16,AA,19805,AA,N5DAAA,202,12892,1289203,32575,LAX,"Los Angeles, CA"
2012,4,12,15,6,2012/12/15,B6,20409,B6,N608JB,204,12954,1295402,32575,LGB,"Long Beach, CA"
2012,4,11,29,4,2012/11/29,AA,19805,AA,N617AA,205,13204,1320402,31454,MCO,"Orlando, FL"
2012,4,12,6,4,2012/12/6,WN,19393,WN,N763SW,208,14122,1412202,30198,PIT,"Pittsburgh, PA"
2012,4,12,19,3,2012/12/19,HA,19690,HA,N490HA,209,12758,1275803,32758,KOA,"Kona, HI"
2012,4,12,24,1,2012/12/24,WN,19393,WN,N746SW,211,13198,1319801,33198,MCI,"Kansas City, MO"
2012,4,12,25,2,2012/12/25,B6,20409,B6,N294JB,219,12478,1247802,31703,JFK,"New York, NY"
2012,4,12,24,1,2012/12/24,US,20355,US,N676AW,220,14107,1410702,30466,PHX,"Phoenix, AZ"
2012,4,12,21,5,2012/12/21,UA,19977,UA,N833UA,221,14683,1468303,33214,SAT,"San Antonio, TX"
2012,4,12,11,2,2012/12/11,FL,20437,FL,N287AT,222,10821,1082103,30852,BWI,"Baltimore, MD"
2012,4,12,14,5,2012/12/14,F9,20436,F9,N902FR,223,11292,1129202,30325,DEN,"Denver, CO"
2012,4,12,10,1,2012/12/10,HA,19690,HA,N478HA,224,12982,1298202,32982,LIH,"Lihue, HI"
2012,4,12,30,7,2012/12/30,UA,19977,UA,N428UA,225,14747,1474703,30559,SEA,"Seattle, WA"
2012,4,12,3,1,2012/12/3,B6,20409,B6,N584JB,230,14027,1402702,34027,PBI,"West Palm Beach/Palm Beach, FL"
2012,4,12,15,6,2012/12/15,UA,19977,UA,N466UA,231,14771,1477101,32457,SFO,"San Francisco, CA"
2012,4,12,16,7,2012/12/16,WN,19393,WN,N7702A,235,14908,1490803,32575,SNA,"Santa Ana, CA"
2012,4,12,30,7,2012/12/30,UA,19977,UA,N536UA,240,12264,1226402,30852,IAD,"Washington, DC"
2012,4,11,12,1,2012/11/12,AA,19805,AA,N3FVAA,244,12892,1289203,32575,LAX,"Los Angeles, CA"
2012,4,12,15,6,2012/12/15,UA,19977,UA,N536UA,245,11292,1129202,30325,DEN,"Denver, CO"
2012,4,12,5,3,2012/12/5,B6,20409,B6,N568JB,246,12954,1295402,32575,LGB,"Long Beach, CA"
2012,4,12,6,4,2012/12/6,B6,20409,B6,N568JB,247,13796,1379601,32457,OAK,"Oakland, CA"
2012,4,12,23,7,2012/12/23,FL,20437,FL,N945AT,251,11066,1106602,31066,CMH,"Columbus, OH"
2012,4,12,17,1,2012/12/17,B6,20409,B6,N506JB,252,11298,1129803,30194,DFW,"Dallas/Fort Worth, TX"
2012,4,12,30,7,2012/12/30,AA,19805,AA,N5FDAA,253,12892,1289203,32575,LAX,"Los Angeles, CA"
2012,4,12,5,3,2012/12/5,WN,19393,WN,N235WN,254,11292,1129202,30325,DEN,"Denver, CO"
2012,4,12,10,1,2012/12/10,FL,20437,FL,N954AT,256,13204,1320402,31454,MCO,"Orlando, FL"
2012,4,12,16,7,2012/12/16,FL,20437,FL,N972AT,257,14122,1412202,30198,PIT,"Pittsburgh, PA"
2012,4,12,1,6,2012/12/1,F9,20436,F9,N202FR,258,14057,1405702,34057,PDX,"Portland, OR"
2012,4,12,7,5,2012/12/7,F9,20436,F9,N951FR,260,11292,1129202,30325,DEN,"Denver, CO"
2012,4,12,21,5,2012/12/21,B6,20409,B6,N779JB,263,14893,1489302,33192,SMF,"Sacramento, CA"
2012,4,12,16,7,2012/12/16,DL,19790,DL,N635DL,264,14679,1467903,33570,SAN,"San Diego, CA"
2012,4,12,3,1,2012/12/3,F9,20436,F9,N919FR,265,14908,1490803,32575,SNA,"Santa Ana, CA"
2012,4,12,8,6,2012/12/8,US,20355,US,N820AW,266,14893,1489302,33192,SMF,"Sacramento, CA"
2012,4,12,12,3,2012/12/12,AA,19805,AA,N5DKAA,267,12892,1289203,32575,LAX,"Los Angeles, CA"
2012,4,12,10,1,2012/12/10,UA,19977,UA,N538UA,268,12953,1295302,31703,LGA,"New York, NY"
2012,4,12,14,5,2012/12/14,US,20355,US,N813AW,269,14107,1410702,30466,PHX,"Phoenix, AZ"
2012,4,12,5,3,2012/12/5,FL,20437,FL,N353AT,270,11278,1127802,30852,DCA,"Washington, DC"
2012,4,12,5,3,2012/12/5,AA,19805,AA,N7ADAA,277,13303,1330303,32467,MIA,"Miami, FL"
2012,4,12,14,5,2012/12/14,UA,19977,UA,N432UA,278,13891,1389101,32575,ONT,"Ontario, CA"
2012,4,12,26,3,2012/12/26,F9,20436,F9,N210FR,282,11292,1129202,30325,DEN,"Denver, CO"
2012,4,12,9,7,2012/12/9,UA,19977,UA,N433UA,283,13930,1393002,30977,ORD,"Chicago, IL"
2012,4,12,3,1,2012/12/3,F9,20436,F9,N935FR,285,15016,1501603,31123,STL,"St. Louis, MO"
2012,4,12,16,7,2012/12/16,AA,19805,AA,N5DJAA,286,12982,1298202,32982,LIH,"Lihue, HI"
2012,4,12,2,7,2012/12/2,US,20355,US,N837AW,287,13198,1319801,33198,MCI,"Kansas City, MO"
2012,4,12,4,2,2012/12/4,UA,19977,UA,N461UA,288,11292,1129202,30325,DEN,"Denver, CO"
2012,4,12,17,1,2012/12/17,HA,19690,HA,N480HA,296,12173,1217301,32134,HNL,"Honolulu, HI"
2012,4,12,5,3,2012/12/5,FL,20437,FL,N895AT,297,11697,1169703,32467,FLL,"Fort Lauderdale, FL"
2012,4,12,25,2,2012/12/25,VX,21171,VX,N525VA,300,14771,1477101,32457,SFO,"San Francisco, CA"
2012,4,12,5,3,2012/12/5,DL,19790,DL,N3762Y,301,12478,1247802,31703,JFK,"New York, NY"
2012,4,12,12,3,2012/12/12,WN,19393,WN,N719SW,302,14107,1410702,30466,PHX,"Phoenix, AZ"
2012,4,12,23,7,2012/12/23,US,20355,US,N652AW,303,11057,1105703,31057,CLT,"Charlotte, NC"
2012,4,12,18,2,2012/12/18,HA,19690,HA,N491HA,304,12982,1298202,32982,LIH,"Lihue, HI"
2012,4,12,25,2,2012/12/25,FL,20437,FL,N921AT,305,11721,1172102,31721,FNT,"Flint, MI"
2012,4,12,9,7,2012/12/9,FL,20437,FL,N938AT,307,11721,1172102,31721,FNT,"Flint, MI"
2012,4,12,22,6,2012/12/22,UA,19977,UA,N565UA,308,11618,1161802,31703,EWR,"Newark, NJ"
2012,4,11,8,4,2012/11/8,AA,19805,AA,N3BBAA,309,13930,1393002,30977,ORD,"Chicago, IL"
2012,4,11,30,5,2012/11/30,AA,19805,AA,N454AA,310,11298,1129803,30194,DFW,"Dallas/Fort Worth, TX"
2012,4,12,7,5,2012/12/7,AS,19930,AS,N754AS,311,14262,1426202,34262,PSP,"Palm Springs, CA"
2012,4,12,14,5,2012/12/14,VX,21171,VX,N840VA,312,12892,1289203,32575,LAX,"Los Angeles, CA"
2012,4,12,17,1,2012/12/17,AA,19805,AA,N545AA,313,12953,1295302,31703,LGA,"New York, NY"
2012,4,12,22,6,2012/12/22,UA,19977,UA,N418UA,317,12892,1289203,32575,LAX,"Los Angeles, CA"
2012,4,12,5,3,2012/12/5,WN,19393,WN,N710SW,319,13495,1349502,33495,MSY,"New Orleans, LA"
2012,4,12,6,4,2012/12/6,WN,19393,WN,N424WN,320,11292,1129202,30325,DEN,"Denver, CO"
2012,4,12,20,4,2012/12/20,AS,19930,AS,N577AS,321,14831,1483103,32457,SJC,"San Jose, CA"
2012,4,12,15,6,2012/12/15,FL,20437,FL,N994AT,324,12339,1233904,32337,IND,"Indianapolis, IN"
2012,4,12,23,7,2012/12/23,FL,20437,FL,N947AT,327,12339,1233904,32337,IND,"Indianapolis, IN"
2012,4,12,21,5,2012/12/21,UA,19977,UA,N824UA,328,13204,1320402,31454,MCO,"Orlando, FL"
2012,4,12,15,6,2012/12/15,FL,20437,FL,N996AT,329,12339,1233904,32337,IND,"Indianapolis, IN"
2012,4,12,17,1,2012/12/17,UA,19977,UA,N837UA,330,13930,1393002,30977,ORD,"Chicago, IL"
2012,4,12,24,1,2012/12/24,WN,19393,WN,N245WN,332,13204,1320402,31454,MCO,"Orlando, FL"
2012,4,12,4,2,2012/12/4,WN,19393,WN,N298WN,334,11292,1129202,30325,DEN,"Denver, CO"
2012,4,11,12,1,2012/11/12,AA,19805,AA,N4WLAA,335,12953,1295302,31703,LGA,"New York, NY"
2012,4,12,21,5,2012/12/21,US,20355,US,N829AW,336,14869,1486903,34614,SLC,"Salt Lake City, UT"
2012,4,12,6,4,2012/12/6,AA,19805,AA,N596AA,337,12953,1295302,31703,LGA,"New York, NY"
2012,4,12,20,4,2012/12/20,AA,19805,AA,N4WRAA,341,12953,1295302,31703,LGA,"New York, NY"
2012,4,12,5,3,2012/12/5,FL,20437,FL,N261AT,343,12892,1289203,32575,LAX,"Los Angeles, CA"
2012,4,12,12,3,2012/12/12,AA,19805,AA,N561AA,344,13930,1393002,30977,ORD,"Chicago, IL"
2012,4,11,30,5,2012/11/30,AA,19805,AA,N574AA,345,12953,1295302,31703,LGA,"New York, NY"
2012,4,12,6,4,2012/12/6,VX,21171,VX,N529VA,346,14771,1477101,32457,SFO,"San Francisco, CA"
2012,4,12,23,7,2012/12/23,B6,20409,B6,N239JB,347,12478,1247802,31703,JFK,"New York, NY"
2012,4,12,11,2,2012/12/11,F9,20436,F9,N923FR,352,11292,1129202,30325,DEN,"Denver, CO"
2012,4,12,16,7,2012/12/16,AS,19930,AS,N516AS,356,14747,1474703,30559,SEA,"Seattle, WA"
2012,4,12,31,1,2012/12/31,UA,19977,UA,N779UA,360,12892,1289203,32575,LAX,"Los Angeles, CA"
2012,4,12,7,5,2012/12/7,HA,19690,HA,N479HA,361,12402,1240203,32402,ITO,"Hilo, HI"
2012,4,12,7,5,2012/12/7,WN,19393,WN,N717SA,362,14107,1410702,30466,PHX,"Phoenix, AZ"
2012,4,12,19,3,2012/12/19,F9,20436,F9,N952FR,370,11292,1129202,30325,DEN,"Denver, CO"
2012,4,12,5,3,2012/12/5,F9,20436,F9,N261AV,371,13342,1334205,33342,MKE,"Milwaukee, WI"
2012,4,12,15,6,2012/12/15,FL,20437,FL,N969AT,372,13204,1320402,31454,MCO,"Orlando, FL"
2012,4,11,24,6,2012/11/24,AA,19805,AA,N3DYAA,373,11298,1129803,30194,DFW,"Dallas/Fort Worth, TX"
2012,4,12,7,5,2012/12/7,AS,19930,AS,N517AS,374,14747,1474703,30559,SEA,"Seattle, WA"
2012,4,12,15,6,2012/12/15,DL,19790,DL,N912DE,378,10397,1039705,30397,ATL,"Atlanta, GA"
2012,4,12,20,4,2012/12/20,UA,19977,UA,N467UA,381,10423,1042302,30423,AUS,"Austin, TX"
2012,4,12,21,5,2012/12/21,UA,19977,UA,N471UA,385,12266,1226603,31453,IAH,"Houston, TX"
2012,4,12,12,3,2012/12/12,AS,19930,AS,N617AS,387,14771,1477101,32457,SFO,"San Francisco, CA"
2012,4,12,16,7,2012/12/16,FL,20437,FL,N991AT,388,13204,1320402,31454,MCO,"Orlando, FL"
2012,4,12,12,3,2012/12/12,UA,19977,UA,N417UA,391,11292,1129202,30325,DEN,"Denver, CO"
2012,4,12,18,2,2012/12/18,WN,19393,WN,N497WN,392,14307,1430702,30721,PVD,"Providence, RI"
2012,4,12,7,5,2012/12/7,B6,20409,B6,N645JB,398,13204,1320402,31454,MCO,"Orlando, FL"
2012,4,12,3,1,2012/12/3,WN,19393,WN,N965WN,399,10721,1072102,30721,BOS,"Boston, MA"
2012,4,12,30,7,2012/12/30,FL,20437,FL,N969AT,400,13204,1320402,31454,MCO,"Orlando, FL"
2012,4,12,11,2,2012/12/11,WN,19393,WN,N787SA,401,12896,1289605,32896,LBB,"Lubbock, TX"
2012,4,12,2,7,2012/12/2,AA,19805,AA,N3HCAA,402,14771,1477101,32457,SFO,"San Francisco, CA"
2012,4,12,26,3,2012/12/26,UA,19977,UA,N426UA,403,11292,1129202,30325,DEN,"Denver, CO"
2012,4,12,6,4,2012/12/6,AA,19805,AA,N5FLAA,404,15024,1502403,34945,STT,"Charlotte Amalie, VI"
2012,4,12,27,4,2012/12/27,UA,19977,UA,N438UA,405,10821,1082103,30852,BWI,"Baltimore, MD"
2012,4,12,7,5,2012/12/7,VX,21171,VX,N632VA,406,12892,1289203,32575,LAX,"Los Angeles, CA"
2012,4,12,20,4,2012/12/20,VX,21171,VX,N841VA,407,12478,1247802,31703,JFK,"New York, NY"
2012,4,12,9,7,2012/12/9,FL,20437,FL,N337AT,408,13204,1320402,31454,MCO,"Orlando, FL"
2012,4,12,11,2,2012/12/11,UA,19977,UA,N836UA,410,11292,1129202,30325,DEN,"Denver, CO"
2012,4,12,11,2,2012/12/11,F9,20436,F9,N924FR,411,11292,1129202,30325,DEN,"Denver, CO"
2012,4,12,16,7,2012/12/16,F9,20436,F9,N921FR,413,11292,1129202,30325,DEN,"Denver, CO"
2012,4,12,17,1,2012/12/17,AA,19805,AA,N475AA,414,11298,1129803,30194,DFW,"Dallas/Fort Worth, TX"
2012,4,12,15,6,2012/12/15,B6,20409,B6,N806JB,415,10721,1072102,30721,BOS,"Boston, MA"
2012,4,12,6,4,2012/12/6,UA,19977,UA,N427UA,416,12266,1226603,31453,IAH,"Houston, TX"
2012,4,12,19,3,2012/12/19,FL,20437,FL,N946AT,417,10397,1039705,30397,ATL,"Atlanta, GA"
2012,4,12,5,3,2012/12/5,UA,19977,UA,N521UA,419,14747,1474703,30559,SEA,"Seattle, WA"
2012,4,12,23,7,2012/12/23,F9,20436,F9,N938FR,420,11292,1129202,30325,DEN,"Denver, CO"
2012,4,12,15,6,2012/12/15,UA,19977,UA,N432UA,423,12266,1226603,31453,IAH,"Houston, TX"
2012,4,12,23,7,2012/12/23,DL,19790,DL,N6704Z,425,10397,1039705,30397,ATL,"Atlanta, GA"
2012,4,12,15,6,2012/12/15,AA,19805,AA,N3DNAA,426,11298,1129803,30194,DFW,"Dallas/Fort Worth, TX"
2012,4,12,25,2,2012/12/25,DL,19790,DL,N643DL,428,14843,1484303,34819,SJU,"San Juan, PR"
2012,4,12,29,6,2012/12/29,UA,19977,UA,N446UA,429,10821,1082103,30852,BWI,"Baltimore, MD"
2012,4,12,26,3,2012/12/26,UA,19977,UA,N818UA,430,13256,1325602,33256,MFE,"Mission/McAllen/Edinburg, TX"
2012,4,12,29,6,2012/12/29,B6,20409,B6,N661JB,431,12953,1295302,31703,LGA,"New York, NY"
2012,4,12,27,4,2012/12/27,US,20355,US,N901AW,432,14107,1410702,30466,PHX,"Phoenix, AZ"
2012,4,12,4,2,2012/12/4,FL,20437,FL,N893AT,437,13342,1334205,33342,MKE,"Milwaukee, WI"
2012,4,12,17,1,2012/12/17,B6,20409,B6,N507JB,439,10721,1072102,30721,BOS,"Boston, MA"
2012,4,12,12,3,2012/12/12,UA,19977,UA,N821UA,440,11618,1161802,31703,EWR,"Newark, NJ"
2012,4,12,13,4,2012/12/13,WN,19393,WN,N665WN,446,10821,1082103,30852,BWI,"Baltimore, MD"
2012,4,12,3,1,2012/12/3,US,20355,US,N601AW,449,11618,1161802,31703,EWR,"Newark, NJ"
2012,4,12,16,7,2012/12/16,WN,19393,WN,N948WN,450,12889,1288903,32211,LAS,"Las Vegas, NV"
2012,4,11,8,4,2012/11/8,AA,19805,AA,N639AA,452,13303,1330303,32467,MIA,"Miami, FL"
2012,4,11,18,7,2012/11/18,AA,19805,AA,N4XRAA,454,14107,1410702,30466,PHX,"Phoenix, AZ"
2012,4,12,19,3,2012/12/19,UA,19977,UA,N472UA,456,13204,1320402,31454,MCO,"Orlando, FL"
2012,4,12,7,5,2012/12/7,WN,19393,WN,N216WR,457,14908,1490803,32575,SNA,"Santa Ana, CA"
2012,4,12,26,3,2012/12/26,FL,20437,FL,N603AT,458,14100,1410002,34100,PHL,"Philadelphia, PA"
2012,4,12,15,6,2012/12/15,AA,19805,AA,N3ERAA,460,14771,1477101,32457,SFO,"San Francisco, CA"
2012,4,12,29,6,2012/12/29,AS,19930,AS,N517AS,461,12892,1289203,32575,LAX,"Los Angeles, CA"
2012,4,12,2,7,2012/12/2,AS,19930,AS,N320AS,463,12892,1289203,32575,LAX,"Los Angeles, CA"
2012,4,12,3,1,2012/12/3,AS,19930,AS,N526AS,464,14747,1474703,30559,SEA,"Seattle, WA"
2012,4,12,11,2,2012/12/11,WN,19393,WN,N340LV,465,13891,1389101,32575,ONT,"Ontario, CA"
2012,4,12,20,4,2012/12/20,WN,19393,WN,N201LV,466,12889,1288903,32211,LAS,"Las Vegas, NV"
2012,4,12,18,2,2012/12/18,AS,19930,AS,N552AS,469,12892,1289203,32575,LAX,"Los Angeles, CA"
2012,4,12,4,2,2012/12/4,UA,19977,UA,N458UA,477,12264,1226402,30852,IAD,"Washington, DC"
2012,4,12,13,4,2012/12/13,F9,20436,F9,N949FR,478,13204,1320402,31454,MCO,"Orlando, FL"
2012,4,12,7,5,2012/12/7,AA,19805,AA,N456AA,479,15304,1530402,33195,TPA,"Tampa, FL"
2012,4,12,8,6,2012/12/8,UA,19977,UA,N817UA,480,14771,1477101,32457,SFO,"San Francisco, CA"
2012,4,12,27,4,2012/12/27,US,20355,US,N510UW,482,11292,1129202,30325,DEN,"Denver, CO"
2012,4,12,23,7,2012/12/23,WN,19393,WN,N7738A,483,10693,1069302,30693,BNA,"Nashville, TN"
2012,4,12,13,4,2012/12/13,AS,19930,AS,N535AS,484,14747,1474703,30559,SEA,"Seattle, WA"
2012,4,12,20,4,2012/12/20,AA,19805,AA,N5DYAA,486,11503,1150302,31503,EGE,"Eagle, CO"
2012,4,12,15,6,2012/12/15,DL,19790,DL,N335NW,487,10721,1072102,30721,BOS,"Boston, MA"
2012,4,12,27,4,2012/12/27,F9,20436,F9,N918FR,489,13342,1334205,33342,MKE,"Milwaukee, WI"
2012,4,12,23,7,2012/12/23,WN,19393,WN,N703SW,491,14908,1490803,32575,SNA,"Santa Ana, CA"
2012,4,12,24,1,2012/12/24,FL,20437,FL,N989AT,493,14576,1457604,34576,ROC,"Rochester, NY"
2012,4,12,12,3,2012/12/12,F9,20436,F9,N216FR,494,10874,1087402,30647,CAK,"Akron, OH"
2012,4,12,11,2,2012/12/11,WN,19393,WN,N236WN,496,12889,1288903,32211,LAS,"Las Vegas, NV"
2012,4,12,28,5,2012/12/28,UA,19977,UA,N430UA,497,10721,1072102,30721,BOS,"Boston, MA"
2012,4,12,4,2,2012/12/4,DL,19790,DL,N358NW,498,12889,1288903,32211,LAS,"Las Vegas, NV"
2012,4,12,21,5,2012/12/21,US,20355,US,N626AW,500,12892,1289203,32575,LAX,"Los Angeles, CA"
2012,4,12,21,5,2012/12/21,AS,19930,AS,N625AS,502,14747,1474703,30559,SEA,"Seattle, WA"
2012,4,12,17,1,2012/12/17,B6,20409,B6,N634JB,503,11618,1161802,31703,EWR,"Newark, NJ"
2012,4,12,11,2,2012/12/11,AS,19930,AS,N626AS,505,14908,1490803,32575,SNA,"Santa Ana, CA"
2012,4,12,23,7,2012/12/23,AA,19805,AA,N3GHAA,507,13930,1393002,30977,ORD,"Chicago, IL"
2012,4,12,22,6,2012/12/22,UA,19977,UA,N411UA,508,14679,1467903,33570,SAN,"San Diego, CA"
2012,4,12,12,3,2012/12/12,B6,20409,B6,N571JB,509,11618,1161802,31703,EWR,"Newark, NJ"
2012,4,12,1,6,2012/12/1,F9,20436,F9,N201FR,510,14747,1474703,30559,SEA,"Seattle, WA"
2012,4,12,3,1,2012/12/3,AS,19930,AS,N518AS,512,14747,1474703,30559,SEA,"Seattle, WA"
2012,4,12,23,7,2012/12/23,FL,20437,FL,N968AT,516,14635,1463502,31714,RSW,"Fort Myers, FL"
2012,4,12,28,5,2012/12/28,WN,19393,WN,N778SW,521,14307,1430702,30721,PVD,"Providence, RI"
2012,4,12,3,1,2012/12/3,US,20355,US,N832AW,522,12266,1226603,31453,IAH,"Houston, TX"
2012,4,12,14,5,2012/12/14,AA,19805,AA,N585AA,523,11298,1129803,30194,DFW,"Dallas/Fort Worth, TX"
2012,4,12,27,4,2012/12/27,AA,19805,AA,N541AA,524,11298,1129803,30194,DFW,"Dallas/Fort Worth, TX"
2012,4,12,7,5,2012/12/7,AS,19930,AS,N626AS,525,10800,1080003,32575,BUR,"Burbank, CA"
2012,4,12,27,4,2012/12/27,FL,20437,FL,N283AT,526,14771,1477101,32457,SFO,"San Francisco, CA"
2012,4,12,13,4,2012/12/13,UA,19977,UA,N562UA,527,12266,1226603,31453,IAH,"Houston, TX"
2012,4,12,20,4,2012/12/20,WN,19393,WN,N480WN,528,14831,1483103,32457,SJC,"San Jose, CA"
2012,4,12,11,2,2012/12/11,WN,19393,WN,N751SW,530,15304,1530402,33195,TPA,"Tampa, FL"
2012,4,12,8,6,2012/12/8,AS,19930,AS,N623AS,531,10800,1080003,32575,BUR,"Burbank, CA"
2012,4,11,11,7,2012/11/11,AA,19805,AA,N3HCAA,532,12892,1289203,32575,LAX,"Los Angeles, CA"
2012,4,12,12,3,2012/12/12,WN,19393,WN,N707SA,534,14831,1483103,32457,SJC,"San Jose, CA"
2012,4,11,24,6,2012/11/24,AA,19805,AA,N576AA,537,13930,1393002,30977,ORD,"Chicago, IL"
2012,4,12,23,7,2012/12/23,AA,19805,AA,N564AA,538,11298,1129803,30194,DFW,"Dallas/Fort Worth, TX"
2012,4,12,29,6,2012/12/29,AA,19805,AA,N3BEAA,541,10721,1072102,30721,BOS,"Boston, MA"
2012,4,12,25,2,2012/12/25,US,20355,US,N629AW,542,14869,1486903,34614,SLC,"Salt Lake City, UT"
2012,4,12,15,6,2012/12/15,AS,19930,AS,N796AS,543,14262,1426202,34262,PSP,"Palm Springs, CA"
2012,4,12,19,3,2012/12/19,UA,19977,UA,N443UA,544,11618,1161802,31703,EWR,"Newark, NJ"
2012,4,12,8,6,2012/12/8,AA,19805,AA,N4YJAA,545,12339,1233904,32337,IND,"Indianapolis, IN"
2012,4,12,4,2,2012/12/4,FL,20437,FL,N996AT,548,15304,1530402,33195,TPA,"Tampa, FL"
2012,4,12,12,3,2012/12/12,FL,20437,FL,N607AT,556,15304,1530402,33195,TPA,"Tampa, FL"
2012,4,12,1,6,2012/12/1,F9,20436,F9,N919FR,557,11292,1129202,30325,DEN,"Denver, CO"
2012,4,12,5,3,2012/12/5,DL,19790,DL,N319NB,558,13495,1349502,33495,MSY,"New Orleans, LA"
2012,4,12,1,6,2012/12/1,DL,19790,DL,N665DN,559,10397,1039705,30397,ATL,"Atlanta, GA"
2012,4,12,5,3,2012/12/5,WN,19393,WN,N236WN,560,13232,1323202,30977,MDW,"Chicago, IL"
2012,4,12,26,3,2012/12/26,AS,19930,AS,N713AS,563,12892,1289203,32575,LAX,"Los Angeles, CA"
2012,4,12,27,4,2012/12/27,UA,19977,UA,N434UA,564,13204,1320402,31454,MCO,"Orlando, FL"
2012,4,12,27,4,2012/12/27,UA,19977,UA,N475UA,565,13930,1393002,30977,ORD,"Chicago, IL"
2012,4,12,13,4,2012/12/13,AA,19805,AA,N3CWAA,568,13930,1393002,30977,ORD,"Chicago, IL"
2012,4,12,12,3,2012/12/12,WN,19393,WN,N380SW,569,14679,1467903,33570,SAN,"San Diego, CA"
2012,4,12,29,6,2012/12/29,AA,19805,AA,N4YDAA,570,11298,1129803,30194,DFW,"Dallas/Fort Worth, TX"
2012,4,12,30,7,2012/12/30,AA,19805,AA,N5FPAA,571,13204,1320402,31454,MCO,"Orlando, FL"
2012,4,12,2,7,2012/12/2,FL,20437,FL,N951AT,572,13204,1320402,31454,MCO,"Orlando, FL"
2012,4,12,23,7,2012/12/23,AA,19805,AA,N5FJAA,573,10721,1072102,30721,BOS,"Boston, MA"
2012,4,12,26,3,2012/12/26,B6,20409,B6,N284JB,574,14027,1402702,34027,PBI,"West Palm Beach/Palm Beach, FL"
2012,4,12,7,5,2012/12/7,F9,20436,F9,N919FR,575,11292,1129202,30325,DEN,"Denver, CO"
2012,4,12,4,2,2012/12/4,UA,19977,UA,N586UA,577,12266,1226603,31453,IAH,"Houston, TX"
2012,4,12,7,5,2012/12/7,AS,19930,AS,N514AS,578,14057,1405702,34057,PDX,"Portland, OR"
2012,4,12,31,1,2012/12/31,B6,20409,B6,N316JB,579,12197,1219702,31703,HPN,"White Plains, NY"
2012,4,12,18,2,2012/12/18,US,20355,US,N826AW,583,12892,1289203,32575,LAX,"Los Angeles, CA"
2012,4,12,15,6,2012/12/15,UA,19977,UA,N566UA,584,12892,1289203,32575,LAX,"Los Angeles, CA"
2012,4,12,21,5,2012/12/21,B6,20409,B6,N279JB,585,12197,1219702,31703,HPN,"White Plains, NY"
2012,4,12,22,6,2012/12/22,UA,19977,UA,N483UA,587,12266,1226603,31453,IAH,"Houston, TX"
2012,4,12,1,6,2012/12/1,FL,20437,FL,N993AT,588,11057,1105703,31057,CLT,"Charlotte, NC"
2012,4,12,28,5,2012/12/28,UA,19977,UA,N515UA,590,13204,1320402,31454,MCO,"Orlando, FL"
2012,4,12,11,2,2012/12/11,FL,20437,FL,N960AT,594,13342,1334205,33342,MKE,"Milwaukee, WI"
2012,4,12,9,7,2012/12/9,B6,20409,B6,N307JB,600,12478,1247802,31703,JFK,"New York, NY"
2012,4,12,22,6,2012/12/22,US,20355,US,N626AW,602,12339,1233904,32337,IND,"Indianapolis, IN"
2012,4,12,7,5,2012/12/7,US,20355,US,N602AW,604,10721,1072102,30721,BOS,"Boston, MA"
2012,4,12,3,1,2012/12/3,UA,19977,UA,N442UA,606,13930,1393002,30977,ORD,"Chicago, IL"
2012,4,12,6,4,2012/12/6,UA,19977,UA,N827UA,608,13930,1393002,30977,ORD,"Chicago, IL"
2012,4,12,14,5,2012/12/14,FL,20437,FL,N354AT,610,14771,1477101,32457,SFO,"San Francisco, CA"
2012,4,12,11,2,2012/12/11,US,20355,US,N626AW,612,14747,1474703,30559,SEA,"Seattle, WA"
2012,4,12,26,3,2012/12/26,US,20355,US,N620AW,614,14107,1410702,30466,PHX,"Phoenix, AZ"
2012,4,12,23,7,2012/12/23,US,20355,US,N625AW,616,14107,1410702,30466,PHX,"Phoenix, AZ"
2012,4,12,27,4,2012/12/27,UA,19977,UA,N808UA,617,11278,1127802,30852,DCA,"Washington, DC"
2012,4,12,9,7,2012/12/9,AA,19805,AA,N3DDAA,618,14771,1477101,32457,SFO,"San Francisco, CA"
2012,4,12,10,1,2012/12/10,B6,20409,B6,N187JB,619,12478,1247802,31703,JFK,"New York, NY"
2012,4,12,24,1,2012/12/24,AA,19805,AA,N403AA,620,11298,1129803,30194,DFW,"Dallas/Fort Worth, TX"
2012,4,12,31,1,2012/12/31,AS,19930,AS,N613AS,621,12889,1288903,32211,LAS,"Las Vegas, NV"
2012,4,12,19,3,2012/12/19,AA,19805,AA,N4WNAA,625,11298,1129803,30194,DFW,"Dallas/Fort Worth, TX"
2012,4,12,13,4,2012/12/13,AS,19930,AS,N618AS,627,12889,1288903,32211,LAS,"Las Vegas, NV"
2012,4,12,6,4,2012/12/6,WN,19393,WN,N785SW,629,12992,1299204,32600,LIT,"Little Rock, AR"
2012,4,12,21,5,2012/12/21,FL,20437,FL,N607AT,630,13198,1319801,33198,MCI,"Kansas City, MO"
2012,4,12,6,4,2012/12/6,WN,19393,WN,N784SW,632,13204,1320402,31454,MCO,"Orlando, FL"
2012,4,12,31,1,2012/12/31,WN,19393,WN,N669SW,633,14107,1410702,30466,PHX,"Phoenix, AZ"
2012,4,12,7,5,2012/12/7,B6,20409,B6,N633JB,634,14771,1477101,32457,SFO,"San Francisco, CA"
2012,4,12,21,5,2012/12/21,FL,20437,FL,N968AT,635,10397,1039705,30397,ATL,"Atlanta, GA"
2012,4,12,7,5,2012/12/7,B6,20409,B6,N766JB,637,10721,1072102,30721,BOS,"Boston, MA"
2012,4,12,5,3,2012/12/5,AA,19805,AA,N5CFAA,639,13303,1330303,32467,MIA,"Miami, FL"
2012,4,12,2,7,2012/12/2,US,20355,US,N805AW,641,14107,1410702,30466,PHX,"Phoenix, AZ"
2012,4,12,30,7,2012/12/30,AA,19805,AA,N3BLAA,642,11298,1129803,30194,DFW,"Dallas/Fort Worth, TX"
2012,4,12,31,1,2012/12/31,FL,20437,FL,N998AT,643,11267,1126702,31267,DAY,"Dayton, OH"
2012,4,12,20,4,2012/12/20,UA,19977,UA,N422UA,644,12892,1289203,32575,LAX,"Los Angeles, CA"
2012,4,12,22,6,2012/12/22,UA,19977,UA,N553UA,645,13204,1320402,31454,MCO,"Orlando, FL"
2012,4,12,12,3,2012/12/12,AA,19805,AA,N5DVAA,647,12478,1247802,31703,JFK,"New York, NY"
2012,4,12,8,6,2012/12/8,FL,20437,FL,N920AT,651,15304,1530402,33195,TPA,"Tampa, FL"
2012,4,12,20,4,2012/12/20,AA,19805,AA,N3JLAA,652,11697,1169703,32467,FLL,"Fort Lauderdale, FL"
2012,4,12,11,2,2012/12/11,AA,19805,AA,N424AA,654,11298,1129803,30194,DFW,"Dallas/Fort Worth, TX"
2012,4,12,18,2,2012/12/18,US,20355,US,N664AW,658,14771,1477101,32457,SFO,"San Francisco, CA"
2012,4,12,16,7,2012/12/16,AA,19805,AA,N3BGAA,659,11697,1169703,32467,FLL,"Fort Lauderdale, FL"
2012,4,12,27,4,2012/12/27,AS,19930,AS,N546AS,661,11298,1129803,30194,DFW,"Dallas/Fort Worth, TX"
2012,4,12,17,1,2012/12/17,AS,19930,AS,N302AS,662,14747,1474703,30559,SEA,"Seattle, WA"
2012,4,12,24,1,2012/12/24,UA,19977,UA,N204UA,663,14771,1477101,32457,SFO,"San Francisco, CA"
2012,4,12,18,2,2012/12/18,F9,20436,F9,N207FR,665,11292,1129202,30325,DEN,"Denver, CO"
2012,4,12,9,7,2012/12/9,F9,20436,F9,N938FR,667,11292,1129202,30325,DEN,"Denver, CO"
2012,4,12,8,6,2012/12/8,F9,20436,F9,N932FR,668,14771,1477101,32457,SFO,"San Francisco, CA"
2012,4,12,14,5,2012/12/14,B6,20409,B6,N807JB,670,12892,1289203,32575,LAX,"Los Angeles, CA"
2012,4,12,10,1,2012/12/10,UA,19977,UA,N527UA,671,11292,1129202,30325,DEN,"Denver, CO"
2012,4,12,31,1,2012/12/31,WN,19393,WN,N417WN,672,10279,1027903,30279,AMA,"Amarillo, TX"
2012,4,12,15,6,2012/12/15,B6,20409,B6,N784JB,673,12478,1247802,31703,JFK,"New York, NY"
2012,4,12,27,4,2012/12/27,AS,19930,AS,N627AS,674,14747,1474703,30559,SEA,"Seattle, WA"
2012,4,12,10,1,2012/12/10,WN,19393,WN,N422WN,675,12889,1288903,32211,LAS,"Las Vegas, NV"
2012,4,12,18,2,2012/12/18,UA,19977,UA,N851UA,676,14771,1477101,32457,SFO,"San Francisco, CA"
2012,4,12,2,7,2012/12/2,DL,19790,DL,N955DN,677,11433,1143302,31295,DTW,"Detroit, MI"
2012,4,12,2,7,2012/12/2,US,20355,US,N820AW,678,14107,1410702,30466,PHX,"Phoenix, AZ"
2012,4,12,4,2,2012/12/4,US,20355,US,N816AW,679,14122,1412202,30198,PIT,"Pittsburgh, PA"
2012,4,12,9,7,2012/12/9,AA,19805,AA,N522AA,680,11298,1129803,30194,DFW,"Dallas/Fort Worth, TX"
2012,4,12,29,6,2012/12/29,AS,19930,AS,N318AS,683,11292,1129202,30325,DEN,"Denver, CO"
2012,4,12,4,2,2012/12/4,WN,19393,WN,N743SW,684,10713,1071302,30713,BOI,"Boise, ID"
2012,4,12,16,7,2012/12/16,US,20355,US,N673AW,685,14107,1410702,30466,PHX,"Phoenix, AZ"
2012,4,12,15,6,2012/12/15,DL,19790,DL,N912DN,686,10397,1039705,30397,ATL,"Atlanta, GA"
2012,4,12,3,1,2012/12/3,UA,19977,UA,N442UA,688,13930,1393002,30977,ORD,"Chicago, IL"
2012,4,12,19,3,2012/12/19,UA,19977,UA,N514UA,689,14771,1477101,32457,SFO,"San Francisco, CA"
2012,4,12,9,7,2012/12/9,DL,19790,DL,N777NC,690,10397,1039705,30397,ATL,"Atlanta, GA"
2012,4,12,5,3,2012/12/5,AA,19805,AA,N4UBAA,691,12339,1233904,32337,IND,"Indianapolis, IN"
2012,4,12,13,4,2012/12/13,B6,20409,B6,N328JB,695,10721,1072102,30721,BOS,"Boston, MA"
2012,4,12,6,4,2012/12/6,WN,19393,WN,N392SW,697,12191,1219102,31453,HOU,"Houston, TX"
2012,4,12,18,2,2012/12/18,AS,19930,AS,N615AS,698,14747,1474703,30559,SEA,"Seattle, WA"
2012,4,12,11,2,2012/12/11,US,20355,US,N193UW,700,12892,1289203,32575,LAX,"Los Angeles, CA"
2012,4,12,5,3,2012/12/5,FL,20437,FL,N997AT,701,13204,1320402,31454,MCO,"Orlando, FL"
2012,4,12,3,1,2012/12/3,WN,19393,WN,N623SW,702,15016,1501603,31123,STL,"St. Louis, MO"
2012,4,12,13,4,2012/12/13,DL,19790,DL,N997DL,704,10397,1039705,30397,ATL,"Atlanta, GA"
2012,4,12,28,5,2012/12/28,WN,19393,WN,N608SW,706,12889,1288903,32211,LAS,"Las Vegas, NV"
2012,4,12,21,5,2012/12/21,B6,20409,B6,N520JB,707,12478,1247802,31703,JFK,"New York, NY"
2012,4,12,15,6,2012/12/15,US,20355,US,N169UW,708,14771,1477101,32457,SFO,"San Francisco, CA"
2012,4,12,10,1,2012/12/10,WN,19393,WN,N355SW,709,10821,1082103,30852,BWI,"Baltimore, MD"
2012,4,12,13,4,2012/12/13,AA,19805,AA,N579AA,715,12953,1295302,31703,LGA,"New York, NY"
2012,4,12,13,4,2012/12/13,WN,19393,WN,N472WN,720,13232,1323202,30977,MDW,"Chicago, IL"
2012,4,12,24,1,2012/12/24,US,20355,US,N103US,724,11278,1127802,30852,DCA,"Washington, DC"
2012,4,12,26,3,2012/12/26,F9,20436,F9,N941FR,727,11278,1127802,30852,DCA,"Washington, DC"
2012,4,12,9,7,2012/12/9,US,20355,US,N747UW,728,11298,1129803,30194,DFW,"Dallas/Fort Worth, TX"
2012,4,12,21,5,2012/12/21,US,20355,US,N717UW,729,14100,1410002,34100,PHL,"Philadelphia, PA"
2012,4,12,29,6,2012/12/29,UA,19977,UA,N457UA,730,12266,1226603,31453,IAH,"Houston, TX"
2012,4,12,15,6,2012/12/15,DL,19790,DL,N332NB,731,12953,1295302,31703,LGA,"New York, NY"
2012,4,12,7,5,2012/12/7,UA,19977,UA,N455UA,732,13930,1393002,30977,ORD,"Chicago, IL"
2012,4,12,13,4,2012/12/13,US,20355,US,N200UU,740,14843,1484303,34819,SJU,"San Juan, PR"
2012,4,12,18,2,2012/12/18,AA,19805,AA,N3BGAA,741,14771,1477101,32457,SFO,"San Francisco, CA"
2012,4,12,13,4,2012/12/13,WN,19393,WN,N255WN,742,10821,1082103,30852,BWI,"Baltimore, MD"
2012,4,12,7,5,2012/12/7,UA,19977,UA,N469UA,744,14908,1490803,32575,SNA,"Santa Ana, CA"
2012,4,12,26,3,2012/12/26,AS,19930,AS,N524AS,748,14747,1474703,30559,SEA,"Seattle, WA"
2012,4,12,4,2,2012/12/4,DL,19790,DL,N977DL,750,10397,1039705,30397,ATL,"Atlanta, GA"
2012,4,12,18,2,2012/12/18,DL,19790,DL,N401EA,755,10397,1039705,30397,ATL,"Atlanta, GA"
2012,4,12,20,4,2012/12/20,AA,19805,AA,N3HNAA,759,12953,1295302,31703,LGA,"New York, NY"
2012,4,12,3,1,2012/12/3,WN,19393,WN,N948WN,762,13796,1379601,32457,OAK,"Oakland, CA"
2012,4,12,23,7,2012/12/23,WN,19393,WN,N214WN,765,13198,1319801,33198,MCI,"Kansas City, MO"
2012,4,12,7,5,2012/12/7,WN,19393,WN,N462WN,768,10994,1099402,30994,CHS,"Charleston, SC"
2012,4,12,12,3,2012/12/12,WN,19393,WN,N421LV,769,14107,1410702,30466,PHX,"Phoenix, AZ"
2012,4,12,8,6,2012/12/8,DL,19790,DL,N3744F,773,10397,1039705,30397,ATL,"Atlanta, GA"
2012,4,12,14,5,2012/12/14,WN,19393,WN,N383SW,774,11042,1104202,30647,CLE,"Cleveland, OH"
2012,4,12,24,1,2012/12/24,UA,19977,UA,N598UA,776,14771,1477101,32457,SFO,"San Francisco, CA"
2012,4,12,5,3,2012/12/5,DL,19790,DL,N337NW,789,13487,1348702,31650,MSP,"Minneapolis, MN"
2012,4,12,20,4,2012/12/20,DL,19790,DL,N919DN,791,10397,1039705,30397,ATL,"Atlanta, GA"
2012,4,12,14,5,2012/12/14,WN,19393,WN,N738CB,794,10257,1025702,30257,ALB,"Albany, NY"
2012,4,12,19,3,2012/12/19,UA,19977,UA,N567UA,796,12264,1226402,30852,IAD,"Washington, DC"
2012,4,12,8,6,2012/12/8,B6,20409,B6,N627JB,808,14843,1484303,34819,SJU,"San Juan, PR"
2012,4,12,4,2,2012/12/4,DL,19790,DL,N915DL,809,10721,1072102,30721,BOS,"Boston, MA"
2012,4,12,23,7,2012/12/23,WN,19393,WN,N368SW,812,10821,1082103,30852,BWI,"Baltimore, MD"
2012,4,12,20,4,2012/12/20,F9,20436,F9,N209FR,817,11292,1129202,30325,DEN,"Denver, CO"
2012,4,12,4,2,2012/12/4,DL,19790,DL,N366NW,825,10721,1072102,30721,BOS,"Boston, MA"
2012,4,12,12,3,2012/12/12,WN,19393,WN,N262WN,842,15016,1501603,31123,STL,"St. Louis, MO"
2012,4,12,26,3,2012/12/26,F9,20436,F9,N205FR,843,11292,1129202,30325,DEN,"Denver, CO"
2012,4,12,25,2,2012/12/25,AA,19805,AA,N501AA,845,11298,1129803,30194,DFW,"Dallas/Fort Worth, TX"
2012,4,12,18,2,2012/12/18,DL,19790,DL,N674DL,847,12953,1295302,31703,LGA,"New York, NY"
2012,4,12,21,5,2012/12/21,AS,19930,AS,N588AS,851,14747,1474703,30559,SEA,"Seattle, WA"
2012,4,12,17,1,2012/12/17,DL,19790,DL,N918DL,852,10874,1087402,30647,CAK,"Akron, OH"
2012,4,12,11,2,2012/12/11,DL,19790,DL,N682DA,853,11433,1143302,31295,DTW,"Detroit, MI"
2012,4,12,4,2,2012/12/4,WN,19393,WN,N627SW,854,10279,1027903,30279,AMA,"Amarillo, TX"
2012,4,12,30,7,2012/12/30,UA,19977,UA,N509UA,856,11618,1161802,31703,EWR,"Newark, NJ"
2012,4,12,19,3,2012/12/19,AA,19805,AA,N3CDAA,859,14100,1410002,34100,PHL,"Philadelphia, PA"
2012,4,12,5,3,2012/12/5,WN,19393,WN,N900WN,860,11259,1125903,30194,DAL,"Dallas, TX"
2012,4,12,7,5,2012/12/7,AA,19805,AA,N508AA,874,14683,1468303,33214,SAT,"San Antonio, TX"
2012,4,12,25,2,2012/12/25,WN,19393,WN,N374SW,884,13232,1323202,30977,MDW,"Chicago, IL"
2012,4,12,18,2,2012/12/18,DL,19790,DL,N981DL,894,11721,1172102,31721,FNT,"Flint, MI"
2012,4,12,24,1,2012/12/24,WN,19393,WN,N788SA,905,12889,1288903,32211,LAS,"Las Vegas, NV"
2012,4,12,24,1,2012/12/24,WN,19393,WN,N242WN,910,13232,1323202,30977,MDW,"Chicago, IL"
2012,4,12,9,7,2012/12/9,US,20355,US,N564UW,924,14635,1463502,31714,RSW,"Fort Myers, FL"
2012,4,12,29,6,2012/12/29,UA,19977,UA,N467UA,926,11618,1161802,31703,EWR,"Newark, NJ"
2012,4,12,11,2,2012/12/11,WN,19393,WN,N700GS,927,14831,1483103,32457,SJC,"San Jose, CA"
2012,4,12,13,4,2012/12/13,WN,19393,WN,N385SW,945,10821,1082103,30852,BWI,"Baltimore, MD"
2012,4,12,12,3,2012/12/12,B6,20409,B6,N179JB,953,10721,1072102,30721,BOS,"Boston, MA"
2012,4,12,16,7,2012/12/16,US,20355,US,N187US,956,11697,1169703,32467,FLL,"Fort Lauderdale, FL"
2012,4,12,6,4,2012/12/6,WN,19393,WN,N363SW,961,11259,1125903,30194,DAL,"Dallas, TX"
2012,4,12,11,2,2012/12/11,WN,19393,WN,N427WN,980,13495,1349502,33495,MSY,"New Orleans, LA"
2012,4,12,11,2,2012/12/11,WN,19393,WN,N753SW,1002,11292,1129202,30325,DEN,"Denver, CO"
2012,4,12,3,1,2012/12/3,AA,19805,AA,N3EEAA,1004,13303,1330303,32467,MIA,"Miami, FL"
2012,4,12,1,6,2012/12/1,DL,19790,DL,N721TW,1005,12478,1247802,31703,JFK,"New York, NY"
2012,4,12,13,4,2012/12/13,US,20355,US,N702UW,1007,11057,1105703,31057,CLT,"Charlotte, NC"
2012,4,12,21,5,2012/12/21,AA,19805,AA,N4XLAA,1010,11109,1110902,30189,COS,"Colorado Springs, CO"
2012,4,12,12,3,2012/12/12,AA,19805,AA,N472AA,1011,11298,1129803,30194,DFW,"Dallas/Fort Worth, TX"
2012,4,12,8,6,2012/12/8,DL,19790,DL,N939DL,1012,13931,1393102,33667,ORF,"Norfolk, VA"
2012,4,12,4,2,2012/12/4,WN,19393,WN,N947WN,1015,13495,1349502,33495,MSY,"New Orleans, LA"
2012,4,12,31,1,2012/12/31,WN,19393,WN,N449WN,1017,12889,1288903,32211,LAS,"Las Vegas, NV"
2012,4,12,17,1,2012/12/17,B6,20409,B6,N784JB,1018,12478,1247802,31703,JFK,"New York, NY"
2012,4,12,8,6,2012/12/8,DL,19790,DL,N965DL,1019,11252,1125203,31252,DAB,"Daytona Beach, FL"
2012,4,12,11,2,2012/12/11,B6,20409,B6,N651JB,1020,12478,1247802,31703,JFK,"New York, NY"
2012,4,12,4,2,2012/12/4,WN,19393,WN,N795SW,1021,12892,1289203,32575,LAX,"Los Angeles, CA"
2012,4,12,7,5,2012/12/7,DL,19790,DL,N960DN,1022,10140,1014002,30140,ABQ,"Albuquerque, NM"
2012,4,12,15,6,2012/12/15,AA,19805,AA,N436AA,1023,13871,1387102,33316,OMA,"Omaha, NE"
2012,4,12,30,7,2012/12/30,AA,19805,AA,N544AA,1024,11298,1129803,30194,DFW,"Dallas/Fort Worth, TX"
2012,4,12,16,7,2012/12/16,AA,19805,AA,N589AA,1025,14100,1410002,34100,PHL,"Philadelphia, PA"
2012,4,12,12,3,2012/12/12,B6,20409,B6,N746JB,1026,12478,1247802,31703,JFK,"New York, NY"
2012,4,12,23,7,2012/12/23,AA,19805,AA,N475AA,1027,13198,1319801,33198,MCI,"Kansas City, MO"
2012,4,12,4,2,2012/12/4,DL,19790,DL,N323NB,1028,11433,1143302,31295,DTW,"Detroit, MI"
2012,4,12,19,3,2012/12/19,UA,19977,UA,N68452,1033,12266,1226603,31453,IAH,"Houston, TX"
2012,4,12,23,7,2012/12/23,YV,20378,YV,N75994,1035,12173,1217301,32134,HNL,"Honolulu, HI"
2012,4,12,6,4,2012/12/6,DL,19790,DL,N330NW,1037,11884,1188402,31884,GEG,"Spokane, WA"
2012,4,12,24,1,2012/12/24,WN,19393,WN,N767SW,1038,13871,1387102,33316,OMA,"Omaha, NE"
2012,4,12,6,4,2012/12/6,WN,19393,WN,N494WN,1044,13296,1329604,30721,MHT,"Manchester, NH"
2012,4,12,4,2,2012/12/4,WN,19393,WN,N452WN,1048,14107,1410702,30466,PHX,"Phoenix, AZ"
2012,4,12,12,3,2012/12/12,WN,19393,WN,N495WN,1051,13891,1389101,32575,ONT,"Ontario, CA"
2012,4,12,4,2,2012/12/4,WN,19393,WN,N278WN,1053,14771,1477101,32457,SFO,"San Francisco, CA"
2012,4,12,28,5,2012/12/28,WN,19393,WN,N902WN,1058,10994,1099402,30994,CHS,"Charleston, SC"
2012,4,12,19,3,2012/12/19,UA,19977,UA,N37267,1059,14908,1490803,32575,SNA,"Santa Ana, CA"
2012,4,12,14,5,2012/12/14,DL,19790,DL,N319US,1062,10397,1039705,30397,ATL,"Atlanta, GA"
2012,4,12,18,2,2012/12/18,WN,19393,WN,N217JC,1070,10423,1042302,30423,AUS,"Austin, TX"
2012,4,12,23,7,2012/12/23,AA,19805,AA,N3EVAA,1073,12953,1295302,31703,LGA,"New York, NY"
2012,4,12,4,2,2012/12/4,UA,19977,UA,N28457,1074,15370,1537002,34653,TUL,"Tulsa, OK"
2012,4,12,5,3,2012/12/5,DL,19790,DL,N6711M,1076,14057,1405702,34057,PDX,"Portland, OR"
2012,4,12,5,3,2012/12/5,DL,19790,DL,N941DL,1077,10397,1039705,30397,ATL,"Atlanta, GA"
2012,4,12,4,2,2012/12/4,WN,19393,WN,N783SW,1078,11292,1129202,30325,DEN,"Denver, CO"
2012,4,12,12,3,2012/12/12,US,20355,US,N202UW,1087,14100,1410002,34100,PHL,"Philadelphia, PA"
2012,4,12,5,3,2012/12/5,WN,19393,WN,N967WN,1092,12892,1289203,32575,LAX,"Los Angeles, CA"
2012,4,12,25,2,2012/12/25,UA,19977,UA,N14121,1094,13930,1393002,30977,ORD,"Chicago, IL"
2012,4,12,19,3,2012/12/19,WN,19393,WN,N636WN,1096,14107,1410702,30466,PHX,"Phoenix, AZ"
2012,4,12,24,1,2012/12/24,WN,19393,WN,N709SW,1100,12339,1233904,32337,IND,"Indianapolis, IN"
2012,4,12,20,4,2012/12/20,UA,19977,UA,N75425,1103,13930,1393002,30977,ORD,"Chicago, IL"
2012,4,12,14,5,2012/12/14,WN,19393,WN,N946WN,1105,14831,1483103,32457,SJC,"San Jose, CA"
2012,4,12,3,1,2012/12/3,B6,20409,B6,N229JB,1106,14492,1449202,34492,RDU,"Raleigh/Durham, NC"
2012,4,12,18,2,2012/12/18,B6,20409,B6,N309JB,1108,14492,1449202,34492,RDU,"Raleigh/Durham, NC"
2012,4,12,28,5,2012/12/28,WN,19393,WN,N202WN,1112,14122,1412202,30198,PIT,"Pittsburgh, PA"
2012,4,12,25,2,2012/12/25,WN,19393,WN,N945WN,1115,15016,1501603,31123,STL,"St. Louis, MO"
2012,4,12,28,5,2012/12/28,WN,19393,WN,N431WN,1116,13796,1379601,32457,OAK,"Oakland, CA"
2012,4,12,14,5,2012/12/14,AA,19805,AA,N527AA,1129,12339,1233904,32337,IND,"Indianapolis, IN"
2012,4,12,2,7,2012/12/2,B6,20409,B6,N334JB,1153,14524,1452401,34524,RIC,"Richmond, VA"
2012,4,12,25,2,2012/12/25,WN,19393,WN,N703SW,1157,10693,1069302,30693,BNA,"Nashville, TN"
2012,4,12,19,3,2012/12/19,WN,19393,WN,N694SW,1161,14893,1489302,33192,SMF,"Sacramento, CA"
2012,4,12,2,7,2012/12/2,WN,19393,WN,N252WN,1162,14747,1474703,30559,SEA,"Seattle, WA"
2012,4,12,30,7,2012/12/30,US,20355,US,N745VJ,1164,11057,1105703,31057,CLT,"Charlotte, NC"
2012,4,12,20,4,2012/12/20,UA,19977,UA,N77261,1172,12889,1288903,32211,LAS,"Las Vegas, NV"
2012,4,12,20,4,2012/12/20,WN,19393,WN,N363SW,1174,13232,1323202,30977,MDW,"Chicago, IL"
2012,4,12,10,1,2012/12/10,WN,19393,WN,N733SA,1175,13796,1379601,32457,OAK,"Oakland, CA"
2012,4,12,13,4,2012/12/13,B6,20409,B6,N353JB,1176,11618,1161802,31703,EWR,"Newark, NJ"
2012,4,12,16,7,2012/12/16,US,20355,US,N766US,1177,12266,1226603,31453,IAH,"Houston, TX"
2012,4,12,15,6,2012/12/15,US,20355,US,N183UW,1178,14771,1477101,32457,SFO,"San Francisco, CA"
2012,4,12,16,7,2012/12/16,B6,20409,B6,N309JB,1179,10721,1072102,30721,BOS,"Boston, MA"
2012,4,12,9,7,2012/12/9,UA,19977,UA,N14230,1181,12266,1226603,31453,IAH,"Houston, TX"
2012,4,12,30,7,2012/12/30,UA,19977,UA,N34460,1182,12892,1289203,32575,LAX,"Los Angeles, CA"
2012,4,12,27,4,2012/12/27,B6,20409,B6,N613JB,1187,10721,1072102,30721,BOS,"Boston, MA"
2012,4,12,10,1,2012/12/10,DL,19790,DL,N3771K,1194,14057,1405702,34057,PDX,"Portland, OR"
2012,4,12,11,2,2012/12/11,US,20355,US,N163US,1205,11057,1105703,31057,CLT,"Charlotte, NC"
2012,4,12,29,6,2012/12/29,UA,19977,UA,N73299,1212,10299,1029904,30299,ANC,"Anchorage, AK"
2012,4,12,16,7,2012/12/16,AA,19805,AA,N4YSAA,1216,11298,1129803,30194,DFW,"Dallas/Fort Worth, TX"
2012,4,12,19,3,2012/12/19,DL,19790,DL,N752AT,1219,12892,1289203,32575,LAX,"Los Angeles, CA"
2012,4,12,8,6,2012/12/8,UA,19977,UA,N24633,1226,12266,1226603,31453,IAH,"Houston, TX"
2012,4,12,7,5,2012/12/7,DL,19790,DL,N912DL,1233,13931,1393102,33667,ORF,"Norfolk, VA"
2012,4,12,6,4,2012/12/6,B6,20409,B6,N316JB,1242,11057,1105703,31057,CLT,"Charlotte, NC"
2012,4,12,4,2,2012/12/4,US,20355,US,N702UW,1243,14576,1457604,34576,ROC,"Rochester, NY"
2012,4,12,5,3,2012/12/5,UA,19977,UA,N73278,1246,12264,1226402,30852,IAD,"Washington, DC"
2012,4,12,11,2,2012/12/11,WN,19393,WN,N467WN,1247,10140,1014002,30140,ABQ,"Albuquerque, NM"
2012,4,12,23,7,2012/12/23,WN,19393,WN,N461WN,1251,12953,1295302,31703,LGA,"New York, NY"
2012,4,12,29,6,2012/12/29,AA,19805,AA,N521AA,1254,14683,1468303,33214,SAT,"San Antonio, TX"
2012,4,12,13,4,2012/12/13,B6,20409,B6,N238JB,1258,12264,1226402,30852,IAD,"Washington, DC"
2012,4,12,29,6,2012/12/29,UA,19977,UA,N78524,1267,12266,1226603,31453,IAH,"Houston, TX"
2012,4,12,28,5,2012/12/28,DL,19790,DL,N919DL,1268,15016,1501603,31123,STL,"St. Louis, MO"
2012,4,12,6,4,2012/12/6,UA,19977,UA,N76517,1270,11618,1161802,31703,EWR,"Newark, NJ"
2012,4,12,6,4,2012/12/6,WN,19393,WN,N962WN,1272,14100,1410002,34100,PHL,"Philadelphia, PA"
2012,4,12,5,3,2012/12/5,WN,19393,WN,N203WN,1283,13851,1385103,33851,OKC,"Oklahoma City, OK"
2012,4,12,28,5,2012/12/28,WN,19393,WN,N609SW,1293,13891,1389101,32575,ONT,"Ontario, CA"
2012,4,12,14,5,2012/12/14,DL,19790,DL,N957DL,1295,14122,1412202,30198,PIT,"Pittsburgh, PA"
2012,4,12,6,4,2012/12/6,B6,20409,B6,N183JB,1297,10721,1072102,30721,BOS,"Boston, MA"
2012,4,12,10,1,2012/12/10,US,20355,US,N425US,1401,14307,1430702,30721,PVD,"Providence, RI"
2012,4,12,25,2,2012/12/25,US,20355,US,N435US,1402,10821,1082103,30852,BWI,"Baltimore, MD"
2012,4,12,23,7,2012/12/23,DL,19790,DL,N3743H,1408,14679,1467903,33570,SAN,"San Diego, CA"
2012,4,12,4,2,2012/12/4,US,20355,US,N440US,1411,11057,1105703,31057,CLT,"Charlotte, NC"
2012,4,12,13,4,2012/12/13,US,20355,US,N190UW,1416,12892,1289203,32575,LAX,"Los Angeles, CA"
2012,4,12,14,5,2012/12/14,B6,20409,B6,N517JB,1417,13204,1320402,31454,MCO,"Orlando, FL"
2012,4,12,5,3,2012/12/5,UA,19977,UA,N14106,1425,11618,1161802,31703,EWR,"Newark, NJ"
2012,4,12,21,5,2012/12/21,WN,19393,WN,N222WN,1430,10821,1082103,30852,BWI,"Baltimore, MD"
2012,4,12,13,4,2012/12/13,US,20355,US,N162UW,1433,12953,1295302,31703,LGA,"New York, NY"
2012,4,12,6,4,2012/12/6,UA,19977,UA,N39416,1435,11697,1169703,32467,FLL,"Fort Lauderdale, FL"
2012,4,12,9,7,2012/12/9,US,20355,US,N432US,1436,10821,1082103,30852,BWI,"Baltimore, MD"
2012,4,12,10,1,2012/12/10,US,20355,US,N560UW,1445,12953,1295302,31703,LGA,"New York, NY"
2012,4,12,1,6,2012/12/1,UA,19977,UA,N27421,1472,12266,1226603,31453,IAH,"Houston, TX"
2012,4,12,5,3,2012/12/5,AA,19805,AA,N4WTAA,1480,14831,1483103,32457,SJC,"San Jose, CA"
2012,4,12,20,4,2012/12/20,B6,20409,B6,N307JB,1482,11697,1169703,32467,FLL,"Fort Lauderdale, FL"
2012,4,12,13,4,2012/12/13,UA,19977,UA,N16632,1488,12266,1226603,31453,IAH,"Houston, TX"
2012,4,12,6,4,2012/12/6,WN,19393,WN,N387SW,1492,10713,1071302,30713,BOI,"Boise, ID"
2012,4,12,12,3,2012/12/12,DL,19790,DL,N377DA,1507,10397,1039705,30397,ATL,"Atlanta, GA"
2012,4,12,12,3,2012/12/12,US,20355,US,N184US,1521,10721,1072102,30721,BOS,"Boston, MA"
2012,4,12,21,5,2012/12/21,US,20355,US,N180US,1546,14107,1410702,30466,PHX,"Phoenix, AZ"
2012,4,12,28,5,2012/12/28,UA,19977,UA,N37419,1578,14771,1477101,32457,SFO,"San Francisco, CA"
2012,4,12,23,7,2012/12/23,DL,19790,DL,N652DL,1602,12889,1288903,32211,LAS,"Las Vegas, NV"
2012,4,12,30,7,2012/12/30,WN,19393,WN,N909WN,1626,10257,1025702,30257,ALB,"Albany, NY"
2012,4,12,31,1,2012/12/31,WN,19393,WN,N215WN,1628,10397,1039705,30397,ATL,"Atlanta, GA"
2012,4,12,2,7,2012/12/2,US,20355,US,N540UW,1630,11292,1129202,30325,DEN,"Denver, CO"
2012,4,12,6,4,2012/12/6,US,20355,US,N946UW,1634,14100,1410002,34100,PHL,"Philadelphia, PA"
2012,4,12,10,1,2012/12/10,UA,19977,UA,N24633,1661,12266,1226603,31453,IAH,"Houston, TX"
2012,4,12,4,2,2012/12/4,UA,19977,UA,N45440,1665,12889,1288903,32211,LAS,"Las Vegas, NV"
2012,4,12,8,6,2012/12/8,DL,19790,DL,N988DL,1667,10397,1039705,30397,ATL,"Atlanta, GA"
2012,4,12,10,1,2012/12/10,UA,19977,UA,N75851,1675,12266,1226603,31453,IAH,"Houston, TX"
2012,4,12,2,7,2012/12/2,UA,19977,UA,N36207,1690,11292,1129202,30325,DEN,"Denver, CO"
2012,4,12,19,3,2012/12/19,UA,19977,UA,N74856,1695,12266,1226603,31453,IAH,"Houston, TX"
2012,4,12,30,7,2012/12/30,US,20355,US,N443US,1696,13303,1330303,32467,MIA,"Miami, FL"
2012,4,12,4,2,2012/12/4,WN,19393,WN,N706SW,1704,14831,1483103,32457,SJC,"San Jose, CA"
2012,4,12,18,2,2012/12/18,AA,19805,AA,N542AA,1729,11298,1129803,30194,DFW,"Dallas/Fort Worth, TX"
2012,4,12,27,4,2012/12/27,UA,19977,UA,N14731,1741,11618,1161802,31703,EWR,"Newark, NJ"
2012,4,12,26,3,2012/12/26,US,20355,US,N560UW,1790,12889,1288903,32211,LAS,"Las Vegas, NV"
2012,4,12,11,2,2012/12/11,WN,19393,WN,N959WN,1983,15016,1501603,31123,STL,"St. Louis, MO"
2012,4,12,7,5,2012/12/7,YV,20378,YV,N903FJ,2703,14107,1410702,30466,PHX,"Phoenix, AZ"
